kode,kab_kota,n_odr,n_otg,n_odp,n_pdp,n_confirm,n_sembuh,n_meninggal,last_update,lat,long
35.27,KAB. SAMPANG,14248,6,322,0,0,0,0,2020-04-16 16:12:06,"-7,1927155","113,2429293"
35.78,KOTA SURABAYA,4272,527,1658,634,246,43,24,2020-04-16 15:30:16,"-7,2756141","112,6426424"
35.19,KAB. MADIUN,421,372,233,9,3,1,0,2020-04-16 15:02:52,"-7,6666455","111,5912452"
35.12,KAB. SITUBONDO,3236,103,264,22,11,6,0,2020-04-16 14:59:43,"-7,7168478","113,9278534"
35.22,KAB. BOJONEGORO,32605,185,132,1,4,0,1,2020-04-16 14:40:02,"-7,1524790","111,8869290"
35.71,KOTA KEDIRI,1280,89,176,7,7,2,0,2020-04-16 14:27:53,"-7,8228400","112,0118640"
35.05,KAB. BLITAR,767,65,636,11,3,1,1,2020-04-16 14:40:34,"-8,2814419","112,3027620"
35.20,KAB. MAGETAN,269,4,142,19,10,8,1,2020-04-16 13:59:02,"-7,6774309","111,3616371"
35.10,KAB. BANYUWANGI,4017,125,615,9,3,1,1,2020-04-16 13:58:47,"-8,4169235","114,3311312"
35.15,KAB. SIDOARJO,626,641,472,111,50,5,6,2020-04-16 15:59:08,"-7,4338023","112,6734275"
35.14,KAB. PASURUAN,1387,42,146,32,10,0,0,2020-04-16 14:59:24,"-7,7514338","112,8700750"
35.09,KAB. JEMBER,14218,146,947,26,4,1,1,2020-04-16 13:51:33,"-8,3951516","113,6809395"
35.21,KAB. NGAWI,17597,17,242,14,0,0,0,2020-04-16 13:48:43,"-7,4324690","111,2547392"
35.01,KAB. PACITAN,13670,10,500,4,1,0,0,2020-04-16 15:11:43,"-8,1318878","111,2278873"
35.73,KOTA MALANG,1330,153,551,103,8,7,0,2020-04-16 13:36:08,"-7,9786395","112,5617416"
35.02,KAB. PONOROGO,12472,99,352,23,6,1,0,2020-04-16 15:53:00,"-7,8756185","111,4692888"
35.06,KAB. KEDIRI,11143,364,396,36,13,2,4,2020-04-16 15:30:07,"-7,8332959","112,1666262"
35.23,KAB. TUBAN,11278,89,488,13,3,0,1,2020-04-16 13:29:11,-6.899108667900085,111.763916015625
35.07,KAB. MALANG,1464,64,252,101,15,4,1,2020-04-16 16:02:07,-8.2084395,"112,7468452"
35.04,KAB. TULUNGAGUNG,7624,133,937,178,15,1,0,2020-04-16 15:05:11,"-7,7455014","111,8953035"
35.16,KAB. MOJOKERTO,6050,0,364,45,1,0,0,2020-04-16 13:24:17,"-7,586911","112,420605"
35.74,KOTA PROBOLINGGO,742,66,208,5,2,0,0,2020-04-16 13:20:42,"-7,7723105","113,1664559"
35.24,KAB. LAMONGAN,33446,337,256,108,25,4,0,2020-04-16 14:10:24,"-7,1181110","112,4149810"
35.03,KAB. TRENGGALEK,16969,8,705,12,1,0,0,2020-04-16 13:13:32,"-8,176848","111,610650"
35.18,KAB. NGANJUK,20699,379,49,20,9,0,0,2020-04-16 13:13:05,"-7,6150520","111,6670610"
35.17,KAB. JOMBANG,7140,222,488,4,7,0,0,2020-04-16 13:11:12,"-7,5567779","112,2489964"
35.25,KAB. GRESIK,913,141,1066,92,19,2,1,2020-04-16 15:44:12,"-7,1610846","112,6220300"
35.76,KOTA MOJOKERTO,821,1,199,7,0,0,0,2020-04-16 13:04:33,"-7,4714887","112,4217213"
35.72,KOTA BLITAR,1043,13,154,2,1,1,0,2020-04-16 13:04:03,"-8,1031510","112,1626800"
35.77,KOTA MADIUN,669,3,51,8,0,0,0,2020-04-16 12:45:12,"-7,6300605","111,4930316"
35.11,KAB. BONDOWOSO,10116,28,890,2,1,0,0,2020-04-16 12:44:13,"-8,0284796","114,0265067"
35.75,KOTA PASURUAN,759,17,67,3,2,0,1,2020-04-16 12:33:01,"-7,6514338","112,8700750"
35.28,KAB. PAMEKASAN,3337,3337,101,2,5,0,1,2020-04-16 11:51:45,"-7,1548002","113,4379637"
35.79,KOTA BATU,1005,57,134,12,2,1,0,2020-04-16 11:23:58,"-7,8769031","112,4998848"
35.13,KAB. PROBOLINGGO,4434,40,322,15,15,0,0,2020-04-16 15:43:25,"-7,8223105","113,3864559"
35.26,KAB. BANGKALAN,14757,236,602,4,4,0,0,2020-04-16 11:16:50,"-7,0234914","112,7519820"
35.08,KAB. LUMAJANG,3150,170,292,23,8,1,2,2020-04-16 11:04:28,"-8,1295529","113,2236942"
35.29,KAB. SUMENEP,24055,13,265,0,0,0,0,2020-04-16 11:00:57,"-7,0095355","113,8495442"
35.78,KOTA SURABAYA,4230,480,1560,585,244,40,24,2020-04-15 16:12:55,"-7,2756141","112,6426424"
35.22,KAB. BOJONEGORO,15329,46,130,0,4,0,1,2020-04-15 14:44:39,"-7,1524790","111,8869290"
35.12,KAB. SITUBONDO,3192,103,262,22,11,6,0,2020-04-15 14:40:58,"-7,7168478","113,9278534"
35.01,KAB. PACITAN,13317,10,500,4,1,0,0,2020-04-15 14:31:43,"-8,1318878","111,2278873"
35.71,KOTA KEDIRI,1275,78,172,6,7,2,0,2020-04-15 14:13:46,"-7,8228400","112,0118640"
35.10,KAB. BANYUWANGI,3588,125,594,9,3,1,1,2020-04-15 14:02:57,"-8,4169235","114,3311312"
35.15,KAB. SIDOARJO,626,572,468,105,46,5,6,2020-04-15 16:15:36,"-7,4338023","112,6734275"
35.05,KAB. BLITAR,767,49,634,8,2,1,1,2020-04-15 14:04:11,"-8,2814419","112,3027620"
35.14,KAB. PASURUAN,283,42,130,31,10,0,0,2020-04-15 14:43:18,"-7,7514338","112,8700750"
35.09,KAB. JEMBER,13538,137,903,23,4,1,1,2020-04-15 13:52:01,"-8,3951516","113,6809395"
35.02,KAB. PONOROGO,12329,99,346,23,6,0,0,2020-04-15 14:09:07,"-7,8756185","111,4692888"
35.24,KAB. LAMONGAN,32829,337,253,105,25,2,0,2020-04-15 14:01:57,"-7,1181110","112,4149810"
35.25,KAB. GRESIK,909,141,1059,90,18,2,1,2020-04-15 14:37:08,"-7,1610846","112,6220300"
35.06,KAB. KEDIRI,10640,350,392,35,12,2,4,2020-04-15 13:41:33,"-7,8332959","112,1666262"
35.74,KOTA PROBOLINGGO,722,66,207,5,2,0,0,2020-04-15 13:39:14,"-7,7723105","113,1664559"
35.73,KOTA MALANG,1250,153,535,96,8,7,0,2020-04-15 13:37:16,"-7,9786395","112,5617416"
35.23,KAB. TUBAN,10958,89,479,12,3,0,1,2020-04-15 13:35:19,-6.899108667900085,111.763916015625
35.03,KAB. TRENGGALEK,16257,7,702,12,1,0,0,2020-04-15 13:34:49,"-8,176848","111,610650"
35.07,KAB. MALANG,1426,64,241,96,13,4,1,2020-04-15 13:30:43,-8.2084395,"112,7468452"
35.76,KOTA MOJOKERTO,805,1,199,6,0,0,0,2020-04-15 13:24:17,"-7,4714887","112,4217213"
35.26,KAB. BANGKALAN,14568,220,591,3,4,0,0,2020-04-15 13:23:49,"-7,0234914","112,7519820"
35.21,KAB. NGAWI,17547,17,239,13,0,0,0,2020-04-15 13:22:53,"-7,4324690","111,2547392"
35.72,KOTA BLITAR,1023,13,153,2,1,1,0,2020-04-15 13:20:56,"-8,1031510","112,1626800"
35.29,KAB. SUMENEP,23156,13,262,0,0,0,0,2020-04-15 13:17:14,"-7,0095355","113,8495442"
35.17,KAB. JOMBANG,6920,221,483,4,7,0,0,2020-04-15 13:35:12,"-7,5567779","112,2489964"
35.04,KAB. TULUNGAGUNG,7448,130,923,169,15,1,0,2020-04-15 16:14:41,"-7,7455014","111,8953035"
35.28,KAB. PAMEKASAN,3585,3585,107,2,5,0,1,2020-04-15 13:07:20,"-7,1548002","113,4379637"
35.75,KOTA PASURUAN,726,17,64,3,2,0,1,2020-04-15 13:06:05,"-7,6514338","112,8700750"
35.77,KOTA MADIUN,641,3,51,8,0,0,0,2020-04-15 12:57:08,"-7,6300605","111,4930316"
35.27,KAB. SAMPANG,13337,0,320,0,0,0,0,2020-04-15 12:56:55,"-7,1927155","113,2429293"
35.20,KAB. MAGETAN,269,4,139,19,10,8,1,2020-04-15 13:53:37,"-7,6774309","111,3616371"
35.18,KAB. NGANJUK,20146,373,47,19,9,0,0,2020-04-15 12:55:11,"-7,6150520","111,6670610"
35.16,KAB. MOJOKERTO,5835,0,341,42,1,0,0,2020-04-15 12:45:08,"-7,586911","112,420605"
35.11,KAB. BONDOWOSO,9946,28,882,2,1,0,0,2020-04-15 12:55:11,"-8,0284796","114,0265067"
35.08,KAB. LUMAJANG,3100,170,286,23,8,1,2,2020-04-15 12:28:15,"-8,1295529","113,2236942"
35.79,KOTA BATU,981,57,129,13,2,1,0,2020-04-15 11:36:52,"-7,8769031","112,4998848"
35.19,KAB. MADIUN,417,237,228,9,3,1,0,2020-04-15 11:26:46,"-7,6666455","111,5912452"
35.13,KAB. PROBOLINGGO,4399,33,317,17,11,0,0,2020-04-15 16:29:49,"-7,8223105","113,3864559"
35.22,KAB. BOJONEGORO,14746,46,126,0,4,0,1,2020-04-14 15:18:13,"-7,1524790","111,8869290"
35.19,KAB. MADIUN,407,237,228,8,3,1,0,2020-04-14 15:11:29,"-7,6666455","111,5912452"
35.01,KAB. PACITAN,12643,10,496,4,1,0,0,2020-04-14 15:45:32,"-8,1318878","111,2278873"
35.71,KOTA KEDIRI,1174,77,160,6,7,2,0,2020-04-14 14:55:59,"-7,8228400","112,0118640"
35.12,KAB. SITUBONDO,3157,103,256,22,11,5,0,2020-04-14 14:51:35,"-7,7168478","113,9278534"
35.78,KOTA SURABAYA,4168,445,1447,536,228,39,23,2020-04-14 17:02:02,"-7,2756141","112,6426424"
35.14,KAB. PASURUAN,283,33,106,27,10,0,0,2020-04-14 14:24:38,"-7,7514338","112,8700750"
35.29,KAB. SUMENEP,22445,13,246,0,0,0,0,2020-04-14 14:13:41,"-7,0095355","113,8495442"
35.03,KAB. TRENGGALEK,16169,7,698,10,1,0,0,2020-04-14 14:08:01,"-8,176848","111,610650"
35.16,KAB. MOJOKERTO,5618,0,287,39,1,0,0,2020-04-14 13:58:29,"-7,586911","112,420605"
35.06,KAB. KEDIRI,9997,350,388,33,12,2,4,2020-04-14 14:03:08,"-7,8332959","112,1666262"
35.05,KAB. BLITAR,765,30,621,8,2,1,1,2020-04-14 13:56:06,"-8,2814419","112,3027620"
35.02,KAB. PONOROGO,12059,99,346,23,6,0,0,2020-04-14 13:55:53,"-7,8756185","111,4692888"
35.10,KAB. BANYUWANGI,3422,125,585,9,3,1,1,2020-04-14 13:53:11,"-8,4169235","114,3311312"
35.28,KAB. PAMEKASAN,4042,4042,124,2,5,0,1,2020-04-14 16:30:01,"-7,1548002","113,4379637"
35.15,KAB. SIDOARJO,626,571,463,104,45,5,6,2020-04-14 15:50:19,"-7,4338023","112,6734275"
35.73,KOTA MALANG,1243,153,481,85,8,7,0,2020-04-14 17:27:31,"-7,9786395","112,5617416"
35.25,KAB. GRESIK,860,139,1058,85,18,2,1,2020-04-14 15:49:25,"-7,1610846","112,6220300"
35.24,KAB. LAMONGAN,322 68,319,247,103,25,0,0,2020-04-14 16:52:41,"-7,1181110","112,4149810"
35.23,KAB. TUBAN,10817,89,476,10,3,0,1,2020-04-14 13:36:25,-6.899108667900085,111.763916015625
35.27,KAB. SAMPANG,12017,6,311,0,0,0,0,2020-04-14 13:36:05,"-7,1927155","113,2429293"
35.04,KAB. TULUNGAGUNG,7336,127,908,144,14,1,0,2020-04-14 13:32:19,"-7,7455014","111,8953035"
35.21,KAB. NGAWI,17046,10,236,12,0,0,0,2020-04-14 13:28:50,"-7,4324690","111,2547392"
35.75,KOTA PASURUAN,687,17,64,3,2,0,1,2020-04-14 13:28:39,"-7,6514338","112,8700750"
35.76,KOTA MOJOKERTO,740,1,199,6,0,0,0,2020-04-14 13:27:47,"-7,4714887","112,4217213"
35.09,KAB. JEMBER,13102,137,900,22,4,1,1,2020-04-14 16:22:24,"-8,3951516","113,6809395"
35.17,KAB. JOMBANG,6768,212,477,4,7,0,0,2020-04-14 13:24:01,"-7,5567779","112,2489964"
35.07,KAB. MALANG,1395,64,237,89,13,4,1,2020-04-14 16:53:07,-8.2084395,"112,7468452"
35.13,KAB. PROBOLINGGO,4290,27,317,16,4,0,0,2020-04-14 13:16:25,"-7,8223105","113,3864559"
35.20,KAB. MAGETAN,269,4,129,17,10,8,1,2020-04-14 13:21:38,"-7,6774309","111,3616371"
35.72,KOTA BLITAR,999,13,150,2,1,1,0,2020-04-14 13:11:28,"-8,1031510","112,1626800"
35.18,KAB. NGANJUK,19392,373,47,18,9,0,0,2020-04-14 13:11:18,"-7,6150520","111,6670610"
35.77,KOTA MADIUN,612,3,51,8,0,0,0,2020-04-14 12:44:24,"-7,6300605","111,4930316"
35.74,KOTA PROBOLINGGO,691,66,201,5,2,0,0,2020-04-14 12:42:10,"-7,7723105","113,1664559"
35.11,KAB. BONDOWOSO,28,9740,868,2,1,0,0,2020-04-14 12:42:59,"-8,0284796","114,0265067"
35.26,KAB. BANGKALAN,14356,196,586,3,4,0,0,2020-04-14 12:21:48,"-7,0234914","112,7519820"
35.79,KOTA BATU,950,57,127,12,2,1,0,2020-04-14 11:08:45,"-7,8769031","112,4998848"
35.08,KAB. LUMAJANG,3000,162,284,21,8,0,2,2020-04-14 10:25:23,"-8,1295529","113,2236942"
35.29,KAB. SUMENEP,21516,13,146,0,0,0,0,2020-04-13 15:48:14,"-7,0095355","113,8495442"
35.01,KAB. PACITAN,12202,10,487,4,1,0,0,2020-04-13 15:32:21,"-8,1318878","111,2278873"
35.22,KAB. BOJONEGORO,14049,47,124,0,3,0,1,2020-04-13 16:34:11,"-7,1524790","111,8869290"
35.19,KAB. MADIUN,400,352,224,7,3,1,0,2020-04-13 15:38:41,"-7,6666455","111,5912452"
35.14,KAB. PASURUAN,283,33,91,26,10,0,0,2020-04-13 14:31:55,"-7,7514338","112,8700750"
35.12,KAB. SITUBONDO,3058,102,248,21,11,5,0,2020-04-13 14:32:21,"-7,7168478","113,9278534"
35.24,KAB. LAMONGAN,31016,289,236,100,24,0,0,2020-04-13 14:36:23,"-7,1181110","112,4149810"
35.28,KAB. PAMEKASAN,5035,5035,140,2,3,0,1,2020-04-13 14:25:16,"-7,1548002","113,4379637"
35.71,KOTA KEDIRI,1151,72,160,6,6,1,0,2020-04-13 14:04:57,"-7,8228400","112,0118640"
35.15,KAB. SIDOARJO,626,543,445,106,39,5,6,2020-04-13 17:10:42,"-7,4338023","112,6734275"
35.17,KAB. JOMBANG,6538,174,471,4,7,0,0,2020-04-13 15:41:33,"-7,5567779","112,2489964"
35.73,KOTA MALANG,1047,153,460,77,8,4,0,2020-04-13 14:00:38,"-7,9786395","112,5617416"
35.06,KAB. KEDIRI,9059,254,370,29,12,2,4,2020-04-13 13:52:41,"-7,8332959","112,1666262"
35.02,KAB. PONOROGO,11532,95,341,20,6,0,0,2020-04-13 13:51:37,"-7,8756185","111,4692888"
35.10,KAB. BANYUWANGI,3307,125,577,9,3,1,1,2020-04-13 13:50:51,"-8,4169235","114,3311312"
35.09,KAB. JEMBER,12143,137,861,22,3,1,0,2020-04-13 13:50:23,"-8,3951516","113,6809395"
35.20,KAB. MAGETAN,269,1,124,16,10,8,1,2020-04-13 13:44:55,"-7,6774309","111,3616371"
35.78,KOTA SURABAYA,4137,431,1398,523,208,39,20,2020-04-13 17:08:38,"-7,2756141","112,6426424"
35.74,KOTA PROBOLINGGO,671,66,200,5,2,0,0,2020-04-13 13:42:34,"-7,7723105","113,1664559"
35.72,KOTA BLITAR,964,13,148,2,1,1,0,2020-04-13 13:42:25,"-8,1031510","112,1626800"
35.27,KAB. SAMPANG,11472,6,301,0,0,0,0,2020-04-13 13:47:03,"-7,1927155","113,2429293"
35.04,KAB. TULUNGAGUNG,7081,95,892,131,14,0,0,2020-04-13 16:17:08,"-7,7455014","111,8953035"
35.03,KAB. TRENGGALEK,16069,7,692,10,1,0,0,2020-04-13 13:33:24,"-8,176848","111,610650"
35.05,KAB. BLITAR,763,16,605,8,1,1,0,2020-04-13 13:33:13,"-8,2814419","112,3027620"
35.23,KAB. TUBAN,10653,88,469,9,3,0,1,2020-04-13 16:25:03,-6.899108667900085,111.763916015625
35.76,KOTA MOJOKERTO,712,1,195,6,0,0,0,2020-04-13 13:23:24,"-7,4714887","112,4217213"
35.21,KAB. NGAWI,16316,10,227,11,0,0,0,2020-04-13 13:21:16,"-7,4324690","111,2547392"
35.25,KAB. GRESIK,847,137,1057,84,17,2,1,2020-04-13 17:08:09,"-7,1610846","112,6220300"
35.75,KOTA PASURUAN,644,17,61,2,2,0,1,2020-04-13 13:38:06,"-7,6514338","112,8700750"
35.07,KAB. MALANG,1369,64,229,90,11,4,1,2020-04-13 13:04:24,-8.2084395,"112,7468452"
35.13,KAB. PROBOLINGGO,4161,27,310,14,4,0,0,2020-04-13 13:03:11,"-7,8223105","113,3864559"
35.11,KAB. BONDOWOSO,9605,28,857,2,1,0,0,2020-04-13 12:47:28,"-8,0284796","114,0265067"
35.16,KAB. MOJOKERTO,5097,0,276,39,1,0,0,2020-04-13 15:57:46,"-7,586911","112,420605"
35.18,KAB. NGANJUK,17995,364,42,18,9,0,0,2020-04-13 12:40:13,"-7,6150520","111,6670610"
35.77,KOTA MADIUN,571,3,48,8,0,0,0,2020-04-13 12:33:16,"-7,6300605","111,4930316"
35.26,KAB. BANGKALAN,14074,191,523,3,4,0,0,2020-04-13 12:17:16,"-7,0234914","112,7519820"
35.08,KAB. LUMAJANG,2920,152,264,21,8,0,2,2020-04-13 11:46:44,"-8,1295529","113,2236942"
35.79,KOTA BATU,934,57,124,12,2,1,0,2020-04-13 10:57:00,"-7,8769031","112,4998848"
35.28,KAB. PAMEKASAN,6577,6577,158,2,3,0,1,2020-04-12 16:11:48,"-7,1548002","113,4379637"
35.22,KAB. BOJONEGORO,13610,48,118,1,1,0,1,2020-04-12 14:18:35,"-7,1524790","111,8869290"
35.71,KOTA KEDIRI,1095,71,154,4,6,1,0,2020-04-12 14:17:22,"-7,8228400","112,0118640"
35.24,KAB. LAMONGAN,31016,280,236,100,23,0,0,2020-04-12 16:02:49,"-7,1181110","112,4149810"
35.09,KAB. JEMBER,11073,137,845,19,3,1,0,2020-04-12 13:58:02,"-8,3951516","113,6809395"
35.78,KOTA SURABAYA,4080,431,1360,502,180,35,11,2020-04-12 16:32:21,"-7,2756141","112,6426424"
35.14,KAB. PASURUAN,283,27,86,25,10,0,0,2020-04-12 14:33:06,"-7,7514338","112,8700750"
35.13,KAB. PROBOLINGGO,4105,23,309,12,4,0,0,2020-04-12 13:51:49,"-7,8223105","113,3864559"
35.01,KAB. PACITAN,10701,10,465,4,1,0,0,2020-04-12 13:51:37,"-8,1318878","111,2278873"
35.05,KAB. BLITAR,,16,587,8,1,1,0,2020-04-12 13:50:48,"-8,2814419","112,3027620"
35.26,KAB. BANGKALAN,13910,145,498,2,4,0,0,2020-04-12 16:13:05,"-7,0234914","112,7519820"
35.03,KAB. TRENGGALEK,14447,7,677,9,1,0,0,2020-04-12 13:38:30,"-8,176848","111,610650"
35.10,KAB. BANYUWANGI,3207,125,556,9,3,1,1,2020-04-12 13:35:33,"-8,4169235","114,3311312"
35.25,KAB. GRESIK,847,132,1035,80,14,1,1,2020-04-12 15:42:26,"-7,1610846","112,6220300"
35.19,KAB. MADIUN,399,352,219,7,3,1,0,2020-04-12 14:15:02,"-7,6666455","111,5912452"
35.73,KOTA MALANG,1047,153,460,74,8,4,0,2020-04-12 14:34:03,"-7,9786395","112,5617416"
35.04,KAB. TULUNGAGUNG,6890,98,889,119,10,0,0,2020-04-12 16:07:48,"-7,7455014","111,8953035"
35.20,KAB. MAGETAN,269,1,122,16,10,8,1,2020-04-12 13:24:35,"-7,6774309","111,3616371"
35.21,KAB. NGAWI,15792,10,225,11,0,0,0,2020-04-12 13:18:50,"-7,4324690","111,2547392"
35.17,KAB. JOMBANG,6318,163,467,5,4,0,0,2020-04-12 16:27:23,"-7,5567779","112,2489964"
35.76,KOTA MOJOKERTO,701,1,194,6,0,0,0,2020-04-12 13:14:21,"-7,4714887","112,4217213"
35.12,KAB. SITUBONDO,2939,102,235,21,11,4,0,2020-04-12 15:10:41,"-7,7168478","113,9278534"
35.77,KOTA MADIUN,556,3,47,8,0,0,0,2020-04-12 13:06:26,"-7,6300605","111,4930316"
35.06,KAB. KEDIRI,8504,233,370,26,11,2,4,2020-04-12 16:05:23,"-7,8332959","112,1666262"
35.27,KAB. SAMPANG,10849,6,294,0,0,0,0,2020-04-12 13:03:44,"-7,1927155","113,2429293"
35.07,KAB. MALANG,1278,64,219,88,11,4,1,2020-04-12 12:57:28,-8.2084395,"112,7468452"
35.11,KAB. BONDOWOSO,9492,27,845,2,1,0,0,2020-04-12 12:53:12,"-8,0284796","114,0265067"
35.23,KAB. TUBAN,10423,88,465,8,2,0,1,2020-04-12 12:52:26,-6.899108667900085,111.763916015625
35.16,KAB. MOJOKERTO,5000,0,270,38,0,0,0,2020-04-12 13:33:03,"-7,586911","112,420605"
35.02,KAB. PONOROGO,11361,95,333,20,6,0,0,2020-04-12 14:36:45,"-7,8756185","111,4692888"
35.18,KAB. NGANJUK,17121,359,41,18,9,0,0,2020-04-12 12:46:31,"-7,6150520","111,6670610"
35.74,KOTA PROBOLINGGO,646,40,199,3,2,0,0,2020-04-12 12:46:30,"-7,7723105","113,1664559"
35.72,KOTA BLITAR,926,13,148,2,1,1,0,2020-04-12 12:40:33,"-8,1031510","112,1626800"
35.15,KAB. SIDOARJO,626,543,408,103,31,4,4,2020-04-12 16:09:43,"-7,4338023","112,6734275"
35.29,KAB. SUMENEP,21089,13,131,0,0,0,0,2020-04-12 12:35:39,"-7,0095355","113,8495442"
35.08,KAB. LUMAJANG,2850,152,245,19,8,0,2,2020-04-12 11:30:09,"-8,1295529","113,2236942"
35.79,KOTA BATU,923,57,121,10,2,1,0,2020-04-12 10:55:59,"-7,8769031","112,4998848"
35.75,KOTA PASURUAN,625,12,61,2,2,0,1,2020-04-12 10:42:49,"-7,6514338","112,8700750"
35.29,KAB. SUMENEP,20845,13,123,0,0,0,0,2020-04-11 16:26:29,"-7,0095355","113,8495442"
35.19,KAB. MADIUN,414,352,224,6,3,1,0,2020-04-11 16:00:02,"-7,6666455","111,5912452"
35.09,KAB. JEMBER,9369,110,824,19,3,1,0,2020-04-11 15:32:26,"-8,3951516","113,6809395"
35.22,KAB. BOJONEGORO,13610,48,117,1,1,0,1,2020-04-11 14:42:46,"-7,1524790","111,8869290"
35.14,KAB. PASURUAN,283,22,78,23,10,0,0,2020-04-11 14:57:36,"-7,7514338","112,8700750"
35.28,KAB. PAMEKASAN,6933,6933,155,2,2,0,1,2020-04-11 14:24:27,"-7,1548002","113,4379637"
35.71,KOTA KEDIRI,1035,70,150,1,6,1,0,2020-04-11 14:06:15,"-7,8228400","112,0118640"
35.27,KAB. SAMPANG,10125,6,281,0,0,0,0,2020-04-11 14:03:44,"-7,1927155","113,2429293"
35.06,KAB. KEDIRI,8004,191,361,28,9,1,2,2020-04-11 15:38:12,"-7,8332959","112,1666262"
35.01,KAB. PACITAN,10674,10,462,4,1,0,0,2020-04-11 14:20:27,"-8,1318878","111,2278873"
35.05,KAB. BLITAR,759,16,575,8,1,1,0,2020-04-11 13:54:56,"-8,2814419","112,3027620"
35.03,KAB. TRENGGALEK,13939,7,662,9,1,0,0,2020-04-11 13:53:39,"-8,176848","111,610650"
35.26,KAB. BANGKALAN,13527,30,440,3,3,0,0,2020-04-11 13:50:10,"-7,0234914","112,7519820"
35.25,KAB. GRESIK,847,118,1017,80,10,1,1,2020-04-11 13:56:10,"-7,1610846","112,6220300"
35.20,KAB. MAGETAN,269,1,122,15,10,8,1,2020-04-11 13:39:27,"-7,6774309","111,3616371"
35.02,KAB. PONOROGO,11039,95,329,17,6,0,0,2020-04-11 13:33:48,"-7,8756185","111,4692888"
35.15,KAB. SIDOARJO,626,543,374,107,21,3,4,2020-04-11 14:11:54,"-7,4338023","112,6734275"
35.10,KAB. BANYUWANGI,2903,114,529,7,3,1,1,2020-04-11 13:44:21,"-8,4169235","114,3311312"
35.08,KAB. LUMAJANG,2790,132,241,16,8,0,1,2020-04-11 16:16:44,"-8,1295529","113,2236942"
35.21,KAB. NGAWI,15340,10,222,10,0,0,0,2020-04-11 13:23:29,"-7,4324690","111,2547392"
35.12,KAB. SITUBONDO,2939,100,233,26,8,4,0,2020-04-11 13:20:38,"-7,7168478","113,9278534"
35.74,KOTA PROBOLINGGO,620,40,197,4,1,0,0,2020-04-11 14:37:50,"-7,7723105","113,1664559"
35.78,KOTA SURABAYA,4080,431,1290,519,97,33,11,2020-04-11 16:29:27,"-7,2756141","112,6426424"
35.24,KAB. LAMONGAN,30033,280,234,110,13,0,0,2020-04-11 13:04:45,"-7,1181110","112,4149810"
35.73,KOTA MALANG,1042,153,444,68,8,4,0,2020-04-11 15:16:58,"-7,9786395","112,5617416"
35.07,KAB. MALANG,1237,41,209,86,11,4,1,2020-04-11 12:52:41,-8.2084395,"112,7468452"
35.18,KAB. NGANJUK,16642,359,41,18,9,0,0,2020-04-11 12:42:32,"-7,6150520","111,6670610"
35.76,KOTA MOJOKERTO,698,1,192,6,0,0,0,2020-04-11 12:40:39,"-7,4714887","112,4217213"
35.04,KAB. TULUNGAGUNG,6492,98,865,116,7,0,0,2020-04-11 15:20:40,"-7,7455014","111,8953035"
35.13,KAB. PROBOLINGGO,3995,22,305,11,4,0,0,2020-04-11 15:01:40,"-7,8223105","113,3864559"
35.23,KAB. TUBAN,10258,88,462,8,2,0,1,2020-04-11 12:33:42,-6.899108667900085,111.763916015625
35.11,KAB. BONDOWOSO,9326,27,842,2,1,0,0,2020-04-11 12:25:37,"-8,0284796","114,0265067"
35.16,KAB. MOJOKERTO,4907,0,231,38,0,0,0,2020-04-11 12:22:56,"-7,586911","112,420605"
35.72,KOTA BLITAR,901,13,147,2,1,1,0,2020-04-11 13:21:33,"-8,1031510","112,1626800"
35.77,KOTA MADIUN,545,3,47,8,0,0,0,2020-04-11 12:14:14,"-7,6300605","111,4930316"
35.17,KAB. JOMBANG,6168,142,454,5,3,0,0,2020-04-11 12:10:08,"-7,5567779","112,2489964"
35.75,KOTA PASURUAN,565,6,60,1,2,0,1,2020-04-11 12:15:35,"-7,6514338","112,8700750"
35.79,KOTA BATU,897,56,119,10,2,1,0,2020-04-11 11:25:00,"-7,8769031","112,4998848"
35.19,KAB. MADIUN,412,236,221,6,3,1,0,2020-04-10 16:26:15,"-7,6666455","111,5912452"
35.14,KAB. PASURUAN,283,22,78,30,3,0,0,2020-04-10 15:41:44,"-7,7514338","112,8700750"
35.22,KAB. BOJONEGORO,13124,48,113,1,1,0,1,2020-04-10 14:29:35,"-7,1524790","111,8869290"
35.29,KAB. SUMENEP,20048,13,120,0,0,0,0,2020-04-10 14:10:44,"-7,0095355","113,8495442"
35.17,KAB. JOMBANG,5882,104,449,5,3,0,0,2020-04-10 15:37:23,"-7,5567779","112,2489964"
35.10,KAB. BANYUWANGI,2886,62,514,7,3,1,0,2020-04-10 15:56:14,"-8,4169235","114,3311312"
35.02,KAB. PONOROGO,10423,68,317,17,6,0,0,2020-04-10 16:11:51,"-7,8756185","111,4692888"
35.01,KAB. PACITAN,10501,9,459,4,1,0,0,2020-04-10 14:01:30,"-8,1318878","111,2278873"
35.71,KOTA KEDIRI,1009,47,149,3,6,1,0,2020-04-10 15:09:38,"-7,8228400","112,0118640"
35.06,KAB. KEDIRI,7342,190,357,22,9,1,2,2020-04-10 16:08:41,"-7,8332959","112,1666262"
35.21,KAB. NGAWI,14041,10,218,10,0,0,0,2020-04-10 13:58:43,"-7,4324690","111,2547392"
35.09,KAB. JEMBER,6965,110,791,19,2,1,0,2020-04-10 13:58:31,"-8,3951516","113,6809395"
35.03,KAB. TRENGGALEK,12968,7,635,9,1,0,0,2020-04-10 13:57:36,"-8,176848","111,610650"
35.05,KAB. BLITAR,758,16,571,7,1,1,0,2020-04-10 13:57:12,"-8,2814419","112,3027620"
35.12,KAB. SITUBONDO,2835,100,229,26,8,4,0,2020-04-10 13:44:33,"-7,7168478","113,9278534"
35.25,KAB. GRESIK,847,74,997,76,10,1,1,2020-04-10 16:20:43,"-7,1610846","112,6220300"
35.72,KOTA BLITAR,848,13,144,2,1,1,0,2020-04-10 13:19:31,"-8,1031510","112,1626800"
35.07,KAB. MALANG,1143,40,201,78,11,4,1,2020-04-10 16:09:54,-8.2084395,"112,7468452"
35.04,KAB. TULUNGAGUNG,6348,98,860,106,7,0,0,2020-04-10 13:17:36,"-7,7455014","111,8953035"
35.23,KAB. TUBAN,9790,82,453,7,2,0,1,2020-04-10 13:12:42,-6.899108667900085,111.763916015625
35.24,KAB. LAMONGAN,29084,279,226,110,13,0,0,2020-04-10 13:11:38,"-7,1181110","112,4149810"
35.08,KAB. LUMAJANG,2720,90,240,15,6,0,1,2020-04-10 15:22:00,"-8,1295529","113,2236942"
35.74,KOTA PROBOLINGGO,559,40,194,4,1,0,0,2020-04-10 15:25:17,"-7,7723105","113,1664559"
35.76,KOTA MOJOKERTO,683,1,190,6,0,0,0,2020-04-10 13:00:51,"-7,4714887","112,4217213"
35.15,KAB. SIDOARJO,605,543,367,103,21,3,3,2020-04-10 15:38:42,"-7,4338023","112,6734275"
35.20,KAB. MAGETAN,269,1,118,15,10,8,1,2020-04-10 14:36:41,"-7,6774309","111,3616371"
35.28,KAB. PAMEKASAN,7254,7254,152,2,2,0,1,2020-04-10 12:57:53,"-7,1548002","113,4379637"
35.73,KOTA MALANG,954,153,438,60,8,4,0,2020-04-10 12:57:06,"-7,9786395","112,5617416"
35.26,KAB. BANGKALAN,13017,7,417,3,3,0,0,2020-04-10 15:19:31,"-7,0234914","112,7519820"
35.27,KAB. SAMPANG,9448,6,271,0,0,0,0,2020-04-10 12:43:52,"-7,1927155","113,2429293"
35.77,KOTA MADIUN,519,3,46,8,0,0,0,2020-04-10 12:29:14,"-7,6300605","111,4930316"
35.18,KAB. NGANJUK,15570,354,36,17,9,0,0,2020-04-10 15:36:47,"-7,6150520","111,6670610"
35.78,KOTA SURABAYA,4080,431,1255,497,97,32,10,2020-04-10 15:31:11,"-7,2756141","112,6426424"
35.11,KAB. BONDOWOSO,9165,27,827,1,1,0,0,2020-04-10 12:13:22,"-8,0284796","114,0265067"
35.79,KOTA BATU,891,29,111,9,2,0,0,2020-04-10 12:07:03,"-7,8769031","112,4998848"
35.16,KAB. MOJOKERTO,4802,0,224,37,0,0,0,2020-04-10 12:06:26,"-7,586911","112,420605"
35.13,KAB. PROBOLINGGO,3890,6,296,10,3,0,0,2020-04-10 15:58:52,"-7,8223105","113,3864559"
35.75,KOTA PASURUAN,547,0,57,1,2,0,0,2020-04-10 15:16:12,"-7,6514338","112,8700750"
35.22,KAB. BOJONEGORO,12901,48,111,1,1,0,0,2020-04-09 17:31:49,"-7,1524790","111,8869290"
35.12,KAB. SITUBONDO,2661,100,228,24,8,4,0,2020-04-09 15:22:03,"-7,7168478","113,9278534"
35.19,KAB. MADIUN,405,236,196,8,1,0,0,2020-04-09 14:38:32,"-7,6666455","111,5912452"
35.28,KAB. PAMEKASAN,7303,20,185,2,2,0,1,2020-04-09 14:31:38,"-7,1548002","113,4379637"
35.14,KAB. PASURUAN,278,22,71,29,0,0,0,2020-04-09 14:37:01,"-7,7514338","112,8700750"
35.01,KAB. PACITAN,9755,5,418,4,1,0,0,2020-04-09 17:30:59,"-8,1318878","111,2278873"
35.78,KOTA SURABAYA,4080,425,1167,448,93,27,8,2020-04-09 17:12:19,"-7,2756141","112,6426424"
35.71,KOTA KEDIRI,973,47,147,4,2,1,0,2020-04-09 17:24:35,"-7,8228400","112,0118640"
35.05,KAB. BLITAR,757,16,567,7,1,1,0,2020-04-09 14:12:50,"-8,2814419","112,3027620"
35.10,KAB. BANYUWANGI,2762,62,499,9,1,1,0,2020-04-09 13:55:08,"-8,4169235","114,3311312"
35.02,KAB. PONOROGO,9855,27,311,17,5,0,0,2020-04-09 17:29:58,"-7,8756185","111,4692888"
35.09,KAB. JEMBER,6352,102,766,18,2,1,0,2020-04-09 13:53:55,"-8,3951516","113,6809395"
35.17,KAB. JOMBANG,5669,68,431,6,3,0,0,2020-04-09 17:18:17,"-7,5567779","112,2489964"
35.03,KAB. TRENGGALEK,12551,7,630,8,1,0,0,2020-04-09 13:46:15,"-8,176848","111,610650"
35.06,KAB. KEDIRI,6924,189,341,21,7,1,2,2020-04-09 16:16:23,"-7,8332959","112,1666262"
35.72,KOTA BLITAR,815,13,144,2,1,1,0,2020-04-09 13:38:33,"-8,1031510","112,1626800"
35.74,KOTA PROBOLINGGO,550,35,191,4,0,0,0,2020-04-09 14:01:33,"-7,7723105","113,1664559"
35.21,KAB. NGAWI,13893,10,218,10,0,0,0,2020-04-09 13:34:56,"-7,4324690","111,2547392"
35.29,KAB. SUMENEP,19005,13,115,0,0,0,0,2020-04-09 13:26:50,"-7,0095355","113,8495442"
35.15,KAB. SIDOARJO,531,605,358,100,20,3,2,2020-04-09 17:11:17,"-7,4338023","112,6734275"
35.27,KAB. SAMPANG,8864,6,261,0,0,0,0,2020-04-09 13:21:30,"-7,1927155","113,2429293"
35.11,KAB. BONDOWOSO,8999,23,812,1,1,0,0,2020-04-09 13:19:30,"-8,0284796","114,0265067"
35.04,KAB. TULUNGAGUNG,6190,98,858,94,7,0,0,2020-04-09 17:27:52,"-7,7455014","111,8953035"
35.73,KOTA MALANG,946,153,428,60,8,4,0,2020-04-09 15:47:49,"-7,9786395","112,5617416"
35.07,KAB. MALANG,1138,36,191,71,10,4,1,2020-04-09 17:35:32,-8.2084395,"112,7468452"
35.18,KAB. NGANJUK,15117,286,36,17,8,0,0,2020-04-09 17:26:00,"-7,6150520","111,6670610"
35.26,KAB. BANGKALAN,12582,8,407,2,1,0,0,2020-04-09 17:30:41,"-7,0234914","112,7519820"
35.76,KOTA MOJOKERTO,683,1,190,6,0,0,0,2020-04-09 12:45:43,"-7,4714887","112,4217213"
35.23,KAB. TUBAN,9484,82,447,7,2,0,1,2020-04-09 12:45:36,-6.899108667900085,111.763916015625
35.16,KAB. MOJOKERTO,4692,0,224,37,0,0,0,2020-04-09 12:45:29,"-7,586911","112,420605"
35.20,KAB. MAGETAN,269,1,116,16,9,8,1,2020-04-09 12:46:16,"-7,6774309","111,3616371"
35.25,KAB. GRESIK,819,74,987,74,8,1,1,2020-04-09 17:20:54,"-7,1610846","112,6220300"
35.75,KOTA PASURUAN,518,2,57,0,0,0,0,2020-04-09 12:34:59,"-7,6514338","112,8700750"
35.08,KAB. LUMAJANG,2620,90,234,16,5,0,0,2020-04-09 17:23:19,"-8,1295529","113,2236942"
35.13,KAB. PROBOLINGGO,3608,7,288,10,0,0,0,2020-04-09 12:31:55,"-7,8223105","113,3864559"
35.77,KOTA MADIUN,492,3,46,8,0,0,0,2020-04-09 12:18:40,"-7,6300605","111,4930316"
35.24,KAB. LAMONGAN,28529,279,223,110,13,0,0,2020-04-09 13:33:07,"-7,1181110","112,4149810"
35.79,KOTA BATU,868,29,107,9,2,0,0,2020-04-09 17:26:25,"-7,8769031","112,4998848"
35.19,KAB. MADIUN,404,236,172,8,1,0,0,2020-04-08 15:08:06,"-7,6666455","111,5912452"
35.12,KAB. SITUBONDO,100,2655,224,21,8,0,0,2020-04-08 15:07:42,"-7,7168478","113,9278534"
35.29,KAB. SUMENEP,18002,13,113,0,0,0,0,2020-04-08 15:00:48,"-7,0095355","113,8495442"
35.22,KAB. BOJONEGORO,12372,48,107,2,0,0,0,2020-04-08 14:55:26,"-7,1524790","111,8869290"
35.71,KOTA KEDIRI,906,47,143,5,1,0,0,2020-04-08 14:41:59,"-7,8228400","112,0118640"
35.14,KAB. PASURUAN,278,15,33,29,0,0,0,2020-04-08 15:53:04,"-7,7514338","112,8700750"
35.01,KAB. PACITAN,9554,5,411,5,0,0,0,2020-04-08 14:16:31,"-8,1318878","111,2278873"
35.02,KAB. PONOROGO,9250,27,298,15,3,0,0,2020-04-08 14:48:59,"-7,8756185","111,4692888"
35.05,KAB. BLITAR,758,16,551,7,1,1,0,2020-04-08 13:54:33,"-8,2814419","112,3027620"
35.15,KAB. SIDOARJO,573,471,347,98,18,1,2,2020-04-08 13:52:05,"-7,4338023","112,6734275"
35.20,KAB. MAGETAN,269,1,112,15,9,8,1,2020-04-08 14:10:28,"-7,6774309","111,3616371"
35.09,KAB. JEMBER,5400,102,714,15,2,0,0,2020-04-08 13:46:36,"-8,3951516","113,6809395"
35.24,KAB. LAMONGAN,27532,279,218,110,13,0,0,2020-04-08 14:50:21,"-7,1181110","112,4149810"
35.23,KAB. TUBAN,9001,8,432,7,2,0,1,2020-04-08 15:13:11,-6.899108667900085,111.763916015625
35.06,KAB. KEDIRI,6298,189,338,17,7,0,2,2020-04-08 13:32:10,"-7,8332959","112,1666262"
35.74,KOTA PROBOLINGGO,516,35,180,3,0,0,0,2020-04-08 14:03:16,"-7,7723105","113,1664559"
35.21,KAB. NGAWI,12431,5,211,7,0,0,0,2020-04-08 13:53:43,"-7,4324690","111,2547392"
35.73,KOTA MALANG,917,153,369,57,8,4,0,2020-04-08 14:59:09,"-7,9786395","112,5617416"
35.03,KAB. TRENGGALEK,11726,7,606,8,1,0,0,2020-04-08 13:56:12,"-8,176848","111,610650"
35.17,KAB. JOMBANG,4944,54,377,6,2,0,0,2020-04-08 15:06:53,"-7,5567779","112,2489964"
35.10,KAB. BANYUWANGI,2762,62,487,5,1,1,0,2020-04-08 13:19:25,"-8,4169235","114,3311312"
35.25,KAB. GRESIK,790,60,850,69,5,1,1,2020-04-08 13:21:10,"-7,1610846","112,6220300"
35.16,KAB. MOJOKERTO,4523,0,215,34,0,0,0,2020-04-08 13:14:15,"-7,586911","112,420605"
35.72,KOTA BLITAR,758,13,143,1,1,1,0,2020-04-08 13:28:10,"-8,1031510","112,1626800"
35.78,KOTA SURABAYA,4030,409,1056,416,84,25,8,2020-04-08 15:23:21,"-7,2756141","112,6426424"
35.27,KAB. SAMPANG,7965,5,253,0,0,0,0,2020-04-08 13:06:00,"-7,1927155","113,2429293"
35.07,KAB. MALANG,1089,29,176,61,10,4,1,2020-04-08 12:56:15,-8.2084395,"112,7468452"
35.18,KAB. NGANJUK,14410,286,36,16,7,0,0,2020-04-08 12:57:00,"-7,6150520","111,6670610"
35.04,KAB. TULUNGAGUNG,6094,70,856,93,5,0,0,2020-04-08 14:20:16,"-7,7455014","111,8953035"
35.11,KAB. BONDOWOSO,8858,3,799,1,1,0,0,2020-04-08 12:49:43,"-8,0284796","114,0265067"
35.13,KAB. PROBOLINGGO,3496,7,278,10,0,0,0,2020-04-08 12:32:03,"-7,8223105","113,3864559"
35.75,KOTA PASURUAN,500,2,53,0,0,0,0,2020-04-08 12:29:58,"-7,6514338","112,8700750"
35.77,KOTA MADIUN,458,3,46,8,0,0,0,2020-04-08 12:21:15,"-7,6300605","111,4930316"
35.76,KOTA MOJOKERTO,669,1,184,6,0,0,0,2020-04-08 11:59:18,"-7,4714887","112,4217213"
35.28,KAB. PAMEKASAN,7510,7510,197,2,2,0,1,2020-04-08 11:51:21,"-7,1548002","113,4379637"
35.79,KOTA BATU,839,29,108,7,1,0,0,2020-04-08 11:42:44,"-7,8769031","112,4998848"
35.26,KAB. BANGKALAN,12172,8,400,3,0,0,0,2020-04-08 11:18:15,"-7,0234914","112,7519820"
35.08,KAB. LUMAJANG,2520,90,221,18,3,0,0,2020-04-08 12:21:59,"-8,1295529","113,2236942"
35.22,KAB. BOJONEGORO,12172,48,105,1,0,0,0,2020-04-07 15:06:18,"-7,1524790","111,8869290"
35.12,KAB. SITUBONDO,2593,100,211,19,8,0,0,2020-04-07 14:57:08,"-7,7168478","113,9278534"
35.19,KAB. MADIUN,405,236,152,7,1,0,0,2020-04-07 14:28:26,"-7,6666455","111,5912452"
35.78,KOTA SURABAYA,4030,394,917,367,84,23,8,2020-04-07 15:48:15,"-7,2756141","112,6426424"
35.29,KAB. SUMENEP,16374,13,110,0,0,0,0,2020-04-07 14:18:06,"-7,0095355","113,8495442"
35.24,KAB. LAMONGAN,26448,240,213,104,13,0,0,2020-04-07 14:03:55,"-7,1181110","112,4149810"
35.01,KAB. PACITAN,9364,5,411,5,0,0,0,2020-04-07 14:28:47,"-8,1318878","111,2278873"
35.15,KAB. SIDOARJO,508,406,308,88,18,1,2,2020-04-07 14:01:49,"-7,4338023","112,6734275"
35.28,KAB. PAMEKASAN,7420,7420,187,2,2,0,1,2020-04-07 14:01:38,"-7,1548002","113,4379637"
35.02,KAB. PONOROGO,6810,26,301,15,3,0,0,2020-04-07 13:58:56,"-7,8756185","111,4692888"
35.17,KAB. JOMBANG,4800,54,373,6,2,0,0,2020-04-07 13:58:32,"-7,5567779","112,2489964"
35.27,KAB. SAMPANG,7545,5,242,0,0,0,0,2020-04-07 13:58:24,"-7,1927155","113,2429293"
35.06,KAB. KEDIRI,5960,189,325,17,7,0,2,2020-04-07 13:58:13,"-7,8332959","112,1666262"
35.14,KAB. PASURUAN,278,15,31,27,0,0,0,2020-04-07 15:05:25,"-7,7514338","112,8700750"
35.03,KAB. TRENGGALEK,11157,7,589,7,1,0,0,2020-04-07 13:53:57,"-8,176848","111,610650"
35.13,KAB. PROBOLINGGO,3259,7,265,10,0,0,0,2020-04-07 14:11:12,"-7,8223105","113,3864559"
35.05,KAB. BLITAR,758,48,525,5,1,1,0,2020-04-07 14:53:35,"-8,2814419","112,3027620"
35.71,KOTA KEDIRI,854,37,136,4,1,0,0,2020-04-07 13:50:29,"-7,8228400","112,0118640"
35.10,KAB. BANYUWANGI,2700,62,467,5,1,0,0,2020-04-07 13:45:54,"-8,4169235","114,3311312"
35.25,KAB. GRESIK,795,40,735,61,5,0,1,2020-04-07 13:39:16,"-7,1610846","112,6220300"
35.76,KOTA MOJOKERTO,650,1,177,6,0,0,0,2020-04-07 13:29:30,"-7,4714887","112,4217213"
35.73,KOTA MALANG,876,153,322,53,8,4,0,2020-04-07 13:29:05,"-7,9786395","112,5617416"
35.09,KAB. JEMBER,5196,102,605,15,2,0,0,2020-04-07 13:25:43,"-8,3951516","113,6809395"
35.75,KOTA PASURUAN,472,2,47,0,0,0,0,2020-04-07 13:43:42,"-7,6514338","112,8700750"
35.04,KAB. TULUNGAGUNG,6017,38,836,85,5,0,0,2020-04-07 13:09:21,"-7,7455014","111,8953035"
35.74,KOTA PROBOLINGGO,508,3,175,2,0,0,0,2020-04-07 15:42:19,"-7,7723105","113,1664559"
35.07,KAB. MALANG,1073,6,173,59,10,4,1,2020-04-07 15:58:54,-8.2084395,"112,7468452"
35.72,KOTA BLITAR,726,13,141,1,1,1,0,2020-04-07 14:09:02,"-8,1031510","112,1626800"
35.20,KAB. MAGETAN,269,1,107,14,9,8,1,2020-04-07 12:46:04,"-7,6774309","111,3616371"
35.21,KAB. NGAWI,12039,5,205,7,0,0,0,2020-04-07 12:44:31,"-7,4324690","111,2547392"
35.23,KAB. TUBAN,8616,8,422,9,0,0,0,2020-04-07 12:37:20,-6.899108667900085,111.763916015625
35.18,KAB. NGANJUK,13261,279,35,16,7,0,0,2020-04-07 16:09:05,"-7,6150520","111,6670610"
35.16,KAB. MOJOKERTO,4263,0,194,34,0,0,0,2020-04-07 12:24:22,"-7,586911","112,420605"
35.11,KAB. BONDOWOSO,8597,0,791,1,1,0,0,2020-04-07 12:22:48,"-8,0284796","114,0265067"
35.08,KAB. LUMAJANG,2402,85,206,17,3,0,0,2020-04-07 12:19:20,"-8,1295529","113,2236942"
35.77,KOTA MADIUN,410,3,42,8,0,0,0,2020-04-07 12:12:30,"-7,6300605","111,4930316"
35.79,KOTA BATU,828,24,104,3,1,0,0,2020-04-07 12:04:27,"-7,8769031","112,4998848"
35.26,KAB. BANGKALAN,11636,3,379,3,0,0,0,2020-04-07 12:02:09,"-7,0234914","112,7519820"
35.04,KAB. TULUNGAGUNG,5823,38,820,73,5,0,0,2020-04-06 15:28:03,"-7,7455014","111,8953035"
35.12,KAB. SITUBONDO,2462,100,200,14,8,0,0,2020-04-06 15:16:14,"-7,7168478","113,9278534"
35.22,KAB. BOJONEGORO,11769,48,104,1,0,0,0,2020-04-06 14:29:46,"-7,1524790","111,8869290"
35.01,KAB. PACITAN,8976,0,407,5,0,0,0,2020-04-06 14:18:21,"-8,1318878","111,2278873"
35.21,KAB. NGAWI,11403,5,200,7,0,0,0,2020-04-06 14:15:01,"-7,4324690","111,2547392"
35.29,KAB. SUMENEP,15790,13,97,0,0,0,0,2020-04-06 14:07:19,"-7,0095355","113,8495442"
35.78,KOTA SURABAYA,4030,392,832,318,84,23,6,2020-04-06 15:57:58,"-7,2756141","112,6426424"
35.09,KAB. JEMBER,4050,86,591,15,2,0,0,2020-04-06 13:53:09,"-8,3951516","113,6809395"
35.03,KAB. TRENGGALEK,10379,7,555,6,1,0,0,2020-04-06 13:54:40,"-8,176848","111,610650"
35.05,KAB. BLITAR,756,16,481,5,1,1,0,2020-04-06 13:52:35,"-8,2814419","112,3027620"
35.14,KAB. PASURUAN,278,15,31,27,0,0,0,2020-04-06 16:15:18,"-7,7514338","112,8700750"
35.15,KAB. SIDOARJO,508,394,277,77,18,0,2,2020-04-06 15:26:34,"-7,4338023","112,6734275"
35.10,KAB. BANYUWANGI,2435,62,444,5,1,0,0,2020-04-06 13:48:44,"-8,4169235","114,3311312"
35.71,KOTA KEDIRI,775,34,134,3,1,0,0,2020-04-06 13:45:58,"-7,8228400","112,0118640"
35.74,KOTA PROBOLINGGO,460,3,163,2,0,0,0,2020-04-06 13:40:49,"-7,7723105","113,1664559"
35.17,KAB. JOMBANG,4683,54,334,5,2,0,0,2020-04-06 13:40:41,"-7,5567779","112,2489964"
35.02,KAB. PONOROGO,6096,26,268,14,3,0,0,2020-04-06 13:51:30,"-7,8756185","111,4692888"
35.25,KAB. GRESIK,790,40,698,57,5,0,1,2020-04-06 13:35:54,"-7,1610846","112,6220300"
35.24,KAB. LAMONGAN,25993,235,212,104,13,0,0,2020-04-06 13:37:14,"-7,1181110","112,4149810"
35.06,KAB. KEDIRI,5478,189,309,14,7,0,2,2020-04-06 13:30:41,"-7,8332959","112,1666262"
35.08,KAB. LUMAJANG,2302,85,202,17,3,0,0,2020-04-06 13:26:38,"-8,1295529","113,2236942"
35.73,KOTA MALANG,842,51,302,51,8,3,0,2020-04-06 15:24:26,"-7,9786395","112,5617416"
35.28,KAB. PAMEKASAN,7274,7274,190,2,2,0,1,2020-04-06 13:21:44,"-7,1548002","113,4379637"
35.18,KAB. NGANJUK,12354,279,34,16,5,0,0,2020-04-06 13:19:14,"-7,6150520","111,6670610"
35.75,KOTA PASURUAN,433,0,46,0,0,0,0,2020-04-06 13:14:12,"-7,6514338","112,8700750"
35.20,KAB. MAGETAN,269,1,96,14,9,8,1,2020-04-06 13:10:24,"-7,6774309","111,3616371"
35.27,KAB. SAMPANG,7347,5,221,0,0,0,0,2020-04-06 13:08:21,"-7,1927155","113,2429293"
35.72,KOTA BLITAR,694,13,139,1,1,1,0,2020-04-06 13:27:25,"-8,1031510","112,1626800"
35.19,KAB. MADIUN,401,236,144,5,1,0,0,2020-04-06 13:19:51,"-7,6666455","111,5912452"
35.13,KAB. PROBOLINGGO,2861,6,248,8,0,0,0,2020-04-06 12:59:51,"-7,8223105","113,3864559"
35.23,KAB. TUBAN,7786,8,408,9,0,0,0,2020-04-06 12:52:31,-6.899108667900085,111.763916015625
35.07,KAB. MALANG,159,8,159,55,7,4,1,2020-04-06 12:52:08,-8.2084395,"112,7468452"
35.76,KOTA MOJOKERTO,635,1,168,6,0,0,0,2020-04-06 12:29:04,"-7,4714887","112,4217213"
35.16,KAB. MOJOKERTO,4109,0,189,34,0,0,0,2020-04-06 12:41:52,"-7,586911","112,420605"
35.77,KOTA MADIUN,378,3,37,8,0,0,0,2020-04-06 12:07:18,"-7,6300605","111,4930316"
35.11,KAB. BONDOWOSO,8300,0,745,1,1,0,0,2020-04-06 12:31:23,"-8,0284796","114,0265067"
35.26,KAB. BANGKALAN,11139,8,345,3,0,0,0,2020-04-06 11:42:06,"-7,0234914","112,7519820"
35.79,KOTA BATU,812,24,99,3,1,0,0,2020-04-06 10:25:48,"-7,8769031","112,4998848"
35.29,KAB. SUMENEP,14375,13,93,0,0,0,0,2020-04-05 15:38:06,"-7,0095355","113,8495442"
35.09,KAB. JEMBER,3378,65,551,15,2,0,0,2020-04-05 14:40:08,"-8,3951516","113,6809395"
35.78,KOTA SURABAYA,4030,370,814,309,84,21,6,2020-04-05 17:22:33,"-7,2756141","112,6426424"
35.27,KAB. SAMPANG,6903,5,212,0,0,0,0,2020-04-05 14:01:42,"-7,1927155","113,2429293"
35.15,KAB. SIDOARJO,508,394,274,72,18,0,2,2020-04-05 17:23:06,"-7,4338023","112,6734275"
35.03,KAB. TRENGGALEK,9821,4,543,5,0,0,0,2020-04-05 13:55:56,"-8,176848","111,610650"
35.05,KAB. BLITAR,748,16,452,5,1,1,0,2020-04-05 13:55:20,"-8,2814419","112,3027620"
35.14,KAB. PASURUAN,278,0,31,27,0,0,0,2020-04-05 14:24:51,"-7,7514338","112,8700750"
35.19,KAB. MADIUN,402,224,139,4,1,0,0,2020-04-05 13:49:24,"-7,6666455","111,5912452"
35.06,KAB. KEDIRI,5210,188,303,14,7,0,2,2020-04-05 17:29:17,"-7,8332959","112,1666262"
35.21,KAB. NGAWI,9629,5,185,7,0,0,0,2020-04-05 13:41:21,"-7,4324690","111,2547392"
35.71,KOTA KEDIRI,743,34,128,3,1,0,0,2020-04-05 13:37:54,"-7,8228400","112,0118640"
35.17,KAB. JOMBANG,4564,46,323,5,2,0,0,2020-04-05 17:22:18,"-7,5567779","112,2489964"
35.22,KAB. BOJONEGORO,11403,48,101,1,0,0,0,2020-04-05 13:36:57,"-7,1524790","111,8869290"
35.04,KAB. TULUNGAGUNG,5650,38,802,57,6,0,0,2020-04-05 17:06:31,"-7,7455014","111,8953035"
35.12,KAB. SITUBONDO,2346,100,187,11,8,0,0,2020-04-05 17:17:56,"-7,7168478","113,9278534"
35.25,KAB. GRESIK,790,40,685,57,5,0,1,2020-04-05 17:21:49,"-7,1610846","112,6220300"
35.07,KAB. MALANG,996,5,131,49,8,4,1,2020-04-05 17:23:28,-8.2084395,"112,7468452"
35.02,KAB. PONOROGO,1240,6,257,13,3,0,0,2020-04-05 17:16:59,"-7,8756185","111,4692888"
35.73,KOTA MALANG,687,52,359,49,5,3,0,2020-04-05 13:12:31,"-7,9786395","112,5617416"
35.72,KOTA BLITAR,653,13,133,1,1,1,0,2020-04-05 13:07:31,"-8,1031510","112,1626800"
35.10,KAB. BANYUWANGI,2404,62,435,3,1,0,0,2020-04-05 12:46:44,"-8,4169235","114,3311312"
35.74,KOTA PROBOLINGGO,425,3,153,2,0,0,0,2020-04-05 12:40:08,"-7,7723105","113,1664559"
35.01,KAB. PACITAN,8708,0,398,5,0,0,0,2020-04-05 12:39:33,"-8,1318878","111,2278873"
35.76,KOTA MOJOKERTO,635,1,166,6,0,0,0,2020-04-05 12:35:54,"-7,4714887","112,4217213"
35.18,KAB. NGANJUK,11165,214,32,14,5,0,0,2020-04-05 17:31:00,"-7,6150520","111,6670610"
35.23,KAB. TUBAN,7414,8,399,9,0,0,0,2020-04-05 12:33:03,-6.899108667900085,111.763916015625
35.16,KAB. MOJOKERTO,3896,0,184,29,0,0,0,2020-04-05 12:31:07,"-7,586911","112,420605"
35.11,KAB. BONDOWOSO,7906,1,720,0,1,0,0,2020-04-05 17:20:56,"-8,0284796","114,0265067"
35.28,KAB. PAMEKASAN,7182,7,192,2,2,0,1,2020-04-05 17:20:00,"-7,1548002","113,4379637"
35.13,KAB. PROBOLINGGO,2772,6,245,6,0,0,0,2020-04-05 15:19:53,"-7,8223105","113,3864559"
35.77,KOTA MADIUN,340,3,36,8,0,0,0,2020-04-05 11:55:21,"-7,6300605","111,4930316"
35.08,KAB. LUMAJANG,2202,75,200,14,3,0,0,2020-04-05 11:46:36,"-8,1295529","113,2236942"
35.75,KOTA PASURUAN,417,0,45,0,0,0,0,2020-04-05 11:46:21,"-7,6514338","112,8700750"
35.20,KAB. MAGETAN,269,1,88,14,9,8,1,2020-04-05 11:43:52,"-7,6774309","111,3616371"
35.26,KAB. BANGKALAN,10699,8,339,3,0,0,0,2020-04-05 11:58:25,"-7,0234914","112,7519820"
35.24,KAB. LAMONGAN,24989,229,202,104,13,0,0,2020-04-05 11:22:18,"-7,1181110","112,4149810"
35.79,KOTA BATU,802,24,99,3,1,0,0,2020-04-05 10:52:26,"-7,8769031","112,4998848"
35.28,KAB. PAMEKASAN,6913,0,197,3,1,0,1,2020-04-04 15:07:30,"-7,1548002","113,4379637"
35.19,KAB. MADIUN,402,224,131,4,1,0,0,2020-04-04 16:05:55,"-7,6666455","111,5912452"
35.71,KOTA KEDIRI,713,30,103,1,1,0,0,2020-04-04 14:16:42,"-7,8228400","112,0118640"
35.25,KAB. GRESIK,780,40,669,57,4,0,1,2020-04-04 15:20:11,"-7,1610846","112,6220300"
35.22,KAB. BOJONEGORO,10843,48,97,1,0,0,0,2020-04-04 14:01:23,"-7,1524790","111,8869290"
35.02,KAB. PONOROGO,1217,6,249,12,0,0,0,2020-04-04 14:00:38,"-7,8756185","111,4692888"
35.12,KAB. SITUBONDO,2326,100,184,5,6,0,0,2020-04-04 14:35:39,"-7,7168478","113,9278534"
35.06,KAB. KEDIRI,4729,188,286,12,4,0,2,2020-04-04 13:53:18,"-7,8332959","112,1666262"
35.05,KAB. BLITAR,748,16,440,3,1,1,0,2020-04-04 13:51:41,"-8,2814419","112,3027620"
35.21,KAB. NGAWI,8620,5,176,7,0,0,0,2020-04-05 10:38:12,"-7,4324690","111,2547392"
35.14,KAB. PASURUAN,278,0,31,25,0,0,0,2020-04-04 13:40:04,"-7,7514338","112,8700750"
35.03,KAB. TRENGGALEK,9297,4,532,2,0,0,0,2020-04-04 13:37:14,"-8,176848","111,610650"
35.29,KAB. SUMENEP,14024,0,91,0,0,0,0,2020-04-04 13:36:22,"-7,0095355","113,8495442"
35.27,KAB. SAMPANG,6429,5,207,0,0,0,0,2020-04-04 13:35:02,"-7,1927155","113,2429293"
35.01,KAB. PACITAN,8519,0,396,5,0,0,0,2020-04-04 13:30:35,"-8,1318878","111,2278873"
35.17,KAB. JOMBANG,4361,45,323,5,1,0,0,2020-04-04 13:28:15,"-7,5567779","112,2489964"
35.09,KAB. JEMBER,2922,65,517,8,2,0,0,2020-04-04 13:28:52,"-8,3951516","113,6809395"
35.15,KAB. SIDOARJO,508,355,270,73,14,0,2,2020-04-04 13:27:06,"-7,4338023","112,6734275"
35.78,KOTA SURABAYA,249,3730,653,251,77,17,6,2020-04-04 14:03:43,"-7,2756141","112,6426424"
35.20,KAB. MAGETAN,269,1,88,12,9,8,1,2020-04-04 13:19:19,"-7,6774309","111,3616371"
35.73,KOTA MALANG,675,52,343,46,5,3,0,2020-04-04 13:18:25,"-7,9786395","112,5617416"
35.07,KAB. MALANG,967,100,117,49,5,0,1,2020-04-04 13:17:12,-8.2084395,"112,7468452"
35.04,KAB. TULUNGAGUNG,5606,38,797,58,1,0,0,2020-04-04 13:14:07,"-7,7455014","111,8953035"
35.72,KOTA BLITAR,633,13,131,1,1,1,0,2020-04-04 13:16:03,"-8,1031510","112,1626800"
35.18,KAB. NGANJUK,10574,206,30,17,4,0,0,2020-04-04 13:05:01,"-7,6150520","111,6670610"
35.23,KAB. TUBAN,7117,8,388,7,0,0,0,2020-04-04 12:56:00,-6.899108667900085,111.763916015625
35.76,KOTA MOJOKERTO,591,1,162,6,0,0,0,2020-04-04 12:41:56,"-7,4714887","112,4217213"
35.11,KAB. BONDOWOSO,7193,1,618,1,0,0,0,2020-04-04 12:25:45,"-8,0284796","114,0265067"
35.74,KOTA PROBOLINGGO,422,3,153,2,0,0,0,2020-04-04 12:12:55,"-7,7723105","113,1664559"
35.16,KAB. MOJOKERTO,3844,0,183,28,0,0,0,2020-04-04 12:09:50,"-7,586911","112,420605"
35.77,KOTA MADIUN,317,3,35,8,0,0,0,2020-04-04 12:07:52,"-7,6300605","111,4930316"
35.10,KAB. BANYUWANGI,2290,62,433,3,1,0,0,2020-04-04 12:06:09,"-8,4169235","114,3311312"
35.26,KAB. BANGKALAN,9992,3,319,1,0,0,0,2020-04-04 11:55:30,"-7,0234914","112,7519820"
35.79,KOTA BATU,789,23,97,2,1,0,0,2020-04-04 11:44:27,"-7,8769031","112,4998848"
35.08,KAB. LUMAJANG,2102,75,194,14,3,0,0,2020-04-04 10:55:40,"-8,1295529","113,2236942"
35.75,KOTA PASURUAN,389,0,44,0,0,0,0,2020-04-04 10:50:03,"-7,6514338","112,8700750"
35.13,KAB. PROBOLINGGO,2541,6,222,5,0,0,0,2020-04-04 10:37:49,"-7,8223105","113,3864559"
35.01,KAB. PACITAN,7750,0,372,4,0,0,0,2020-04-03 14:42:17,"-8,1318878","111,2278873"
35.78,KOTA SURABAYA,3730,188,575,221,77,16,4,2020-04-03 16:57:57,"-7,2756141","112,6426424"
35.22,KAB. BOJONEGORO,10283,48,95,1,0,0,0,2020-04-03 14:27:17,"-7,1524790","111,8869290"
35.24,KAB. LAMONGAN,23087,11,190,40,10,0,0,2020-04-03 16:09:28,"-7,1181110","112,4149810"
35.04,KAB. TULUNGAGUNG,1257,38,789,46,1,0,0,2020-04-03 14:09:00,"-7,7455014","111,8953035"
35.14,KAB. PASURUAN,278,0,16,24,0,0,0,2020-04-03 14:21:11,"-7,7514338","112,8700750"
35.09,KAB. JEMBER,2573,64,471,14,2,0,0,2020-04-03 15:44:12,"-8,3951516","113,6809395"
35.19,KAB. MADIUN,399,224,104,4,1,0,0,2020-04-03 14:41:42,"-7,6666455","111,5912452"
35.15,KAB. SIDOARJO,508,351,233,72,14,0,2,2020-04-03 15:59:15,"-7,4338023","112,6734275"
35.10,KAB. BANYUWANGI,2187,62,405,2,1,0,0,2020-04-03 13:56:10,"-8,4169235","114,3311312"
35.29,KAB. SUMENEP,12546,0,91,0,0,0,0,2020-04-03 13:51:26,"-7,0095355","113,8495442"
35.03,KAB. TRENGGALEK,8713,4,515,2,0,0,0,2020-04-03 13:45:57,"-8,176848","111,610650"
35.72,KOTA BLITAR,596,13,130,1,1,0,0,2020-04-03 13:45:35,"-8,1031510","112,1626800"
35.20,KAB. MAGETAN,269,0,88,12,9,8,1,2020-04-03 15:35:58,"-7,6774309","111,3616371"
35.25,KAB. GRESIK,780,40,617,54,4,0,1,2020-04-03 15:41:38,"-7,1610846","112,6220300"
35.71,KOTA KEDIRI,676,25,94,1,1,0,0,2020-04-03 13:37:12,"-7,8228400","112,0118640"
35.17,KAB. JOMBANG,4067,45,262,5,1,0,0,2020-04-03 13:31:06,"-7,5567779","112,2489964"
35.21,KAB. NGAWI,7981,5,173,7,0,0,0,2020-04-03 13:52:47,"-7,4324690","111,2547392"
35.06,KAB. KEDIRI,4729,188,254,14,4,0,1,2020-04-03 15:47:27,"-7,8332959","112,1666262"
35.02,KAB. PONOROGO,1210,7,237,12,0,0,0,2020-04-03 13:27:23,"-7,8756185","111,4692888"
35.12,KAB. SITUBONDO,2317,100,171,5,6,0,0,2020-04-03 15:57:37,"-7,7168478","113,9278534"
35.07,KAB. MALANG,942,96,116,42,5,0,1,2020-04-03 13:21:07,-8.2084395,"112,7468452"
35.05,KAB. BLITAR,747,16,428,3,1,1,0,2020-04-03 13:20:54,"-8,2814419","112,3027620"
35.73,KOTA MALANG,663,52,314,38,5,3,0,2020-04-03 15:08:58,"-7,9786395","112,5617416"
35.76,KOTA MOJOKERTO,572,1,161,6,0,0,0,2020-04-03 13:00:19,"-7,4714887","112,4217213"
35.13,KAB. PROBOLINGGO,2445,6,212,4,0,0,0,2020-04-03 14:03:37,"-7,8223105","113,3864559"
35.77,KOTA MADIUN,310,3,34,8,0,0,0,2020-04-03 12:49:48,"-7,6300605","111,4930316"
35.18,KAB. NGANJUK,9637,199,29,17,4,0,0,2020-04-03 12:49:32,"-7,6150520","111,6670610"
35.74,KOTA PROBOLINGGO,408,3,151,2,0,0,0,2020-04-03 12:48:45,"-7,7723105","113,1664559"
35.11,KAB. BONDOWOSO,6735,1,546,1,0,0,0,2020-04-03 12:44:25,"-8,0284796","114,0265067"
35.23,KAB. TUBAN,6571,0,374,7,0,0,0,2020-04-03 12:39:45,-6.899108667900085,111.763916015625
35.27,KAB. SAMPANG,5760,5,182,0,0,0,0,2020-04-03 12:36:48,"-7,1927155","113,2429293"
35.28,KAB. PAMEKASAN,6610,0,200,3,1,0,1,2020-04-03 15:07:04,"-7,1548002","113,4379637"
35.16,KAB. MOJOKERTO,3728,0,176,28,0,0,0,2020-04-03 12:06:03,"-7,586911","112,420605"
35.79,KOTA BATU,755,23,95,2,1,0,0,2020-04-03 12:01:35,"-7,8769031","112,4998848"
35.26,KAB. BANGKALAN,9151,0,303,1,0,0,0,2020-04-03 15:12:03,"-7,0234914","112,7519820"
35.08,KAB. LUMAJANG,1952,75,188,14,3,0,0,2020-04-03 11:17:19,"-8,1295529","113,2236942"
35.75,KOTA PASURUAN,353,0,44,0,0,0,0,2020-04-03 11:13:55,"-7,6514338","112,8700750"
35.19,KAB. MADIUN,397,2,92,4,1,0,0,2020-04-02 15:58:06,"-7,6666455","111,5912452"
35.14,KAB. PASURUAN,265,0,13,24,0,0,0,2020-04-02 14:20:52,"-7,7514338","112,8700750"
35.22,KAB. BOJONEGORO,9719,15,90,1,0,0,0,2020-04-02 14:17:26,"-7,1524790","111,8869290"
35.71,KOTA KEDIRI,612,25,94,1,1,0,0,2020-04-02 14:33:48,"-7,8228400","112,0118640"
35.78,KOTA SURABAYA,3730,178,508,229,44,13,4,2020-04-02 14:04:18,"-7,2756141","112,6426424"
35.03,KAB. TRENGGALEK,8115,4,509,2,0,0,0,2020-04-02 13:59:43,"-8,176848","111,610650"
35.10,KAB. BANYUWANGI,2121,62,352,2,1,0,0,2020-04-02 13:58:53,"-8,4169235","114,3311312"
35.09,KAB. JEMBER,1868,64,393,14,2,0,0,2020-04-02 13:56:15,"-8,3951516","113,6809395"
35.02,KAB. PONOROGO,1177,5,224,10,0,0,0,2020-04-02 14:21:49,"-7,8756185","111,4692888"
35.15,KAB. SIDOARJO,508,341,203,71,11,0,2,2020-04-02 14:37:30,"-7,4338023","112,6734275"
35.17,KAB. JOMBANG,3828,44,235,5,1,0,0,2020-04-02 13:52:47,"-7,5567779","112,2489964"
35.01,KAB. PACITAN,7074,6,325,4,0,0,0,2020-04-02 13:52:14,"-8,1318878","111,2278873"
35.05,KAB. BLITAR,747,16,385,4,1,1,0,2020-04-02 13:51:42,"-8,2814419","112,3027620"
35.06,KAB. KEDIRI,4259,161,206,11,2,0,1,2020-04-02 13:45:18,"-7,8332959","112,1666262"
35.04,KAB. TULUNGAGUNG,4806,38,726,44,1,0,0,2020-04-02 13:39:23,"-7,7455014","111,8953035"
35.20,KAB. MAGETAN,269,0,67,11,9,5,1,2020-04-02 14:33:38,"-7,6774309","111,3616371"
35.28,KAB. PAMEKASAN,6008,0,191,3,1,0,1,2020-04-02 15:49:47,"-7,1548002","113,4379637"
35.25,KAB. GRESIK,777,36,496,51,3,0,1,2020-04-02 13:29:25,"-7,1610846","112,6220300"
35.74,KOTA PROBOLINGGO,371,3,136,2,0,0,0,2020-04-02 13:26:42,"-7,7723105","113,1664559"
35.24,KAB. LAMONGAN,20311,13,170,26,0,0,0,2020-04-02 13:24:43,"-7,1181110","112,4149810"
35.12,KAB. SITUBONDO,2217,0,160,4,6,0,0,2020-04-02 13:37:40,"-7,7168478","113,9278534"
35.72,KOTA BLITAR,567,13,128,1,1,0,0,2020-04-02 13:24:50,"-8,1031510","112,1626800"
35.73,KOTA MALANG,653,52,233,33,5,3,0,2020-04-02 14:46:51,"-7,9786395","112,5617416"
35.21,KAB. NGAWI,7037,5,164,7,0,0,0,2020-04-02 13:10:18,"-7,4324690","111,2547392"
35.27,KAB. SAMPANG,5186,5,171,0,0,0,0,2020-04-02 13:04:51,"-7,1927155","113,2429293"
35.77,KOTA MADIUN,240,3,27,8,0,0,0,2020-04-02 12:53:04,"-7,6300605","111,4930316"
35.07,KAB. MALANG,901,95,115,34,5,0,1,2020-04-02 12:41:46,-8.2084395,"112,7468452"
35.18,KAB. NGANJUK,8883,2,27,17,4,0,0,2020-04-02 12:39:36,"-7,6150520","111,6670610"
35.23,KAB. TUBAN,5315,0,348,7,0,0,0,2020-04-02 12:36:30,-6.899108667900085,111.763916015625
35.76,KOTA MOJOKERTO,528,1,154,7,0,0,0,2020-04-02 12:35:00,"-7,4714887","112,4217213"
35.16,KAB. MOJOKERTO,3623,0,171,28,0,0,0,2020-04-02 12:29:20,"-7,586911","112,420605"
35.79,KOTA BATU,692,23,92,1,1,0,0,2020-04-02 12:22:50,"-7,8769031","112,4998848"
35.75,KOTA PASURUAN,323,0,41,0,0,0,0,2020-04-02 12:20:10,"-7,6514338","112,8700750"
35.08,KAB. LUMAJANG,1802,70,175,14,3,0,0,2020-04-02 12:23:31,"-8,1295529","113,2236942"
35.11,KAB. BONDOWOSO,6078,1,411,1,0,0,0,2020-04-02 12:12:57,"-8,0284796","114,0265067"
35.29,KAB. SUMENEP,9869,0,89,0,0,0,0,2020-04-02 14:43:59,"-7,0095355","113,8495442"
35.13,KAB. PROBOLINGGO,2249,4,197,4,0,0,0,2020-04-02 12:00:55,"-7,8223105","113,3864559"
35.26,KAB. BANGKALAN,7923,0,277,1,0,0,0,2020-04-02 11:41:04,"-7,0234914","112,7519820"
35.78,KOTA SURABAYA,3730,171,258,137,44,13,3,2020-04-01 16:41:36,"-7,2756141","112,6426424"
35.22,KAB. BOJONEGORO,9031,15,87,1,0,0,0,2020-04-01 14:39:49,"-7,1524790","111,8869290"
35.71,KOTA KEDIRI,573,24,87,2,1,0,0,2020-04-01 14:35:42,"-7,8228400","112,0118640"
35.01,KAB. PACITAN,6775,6,298,3,0,0,0,2020-04-01 14:10:21,"-8,1318878","111,2278873"
35.14,KAB. PASURUAN,265,0,13,16,0,0,0,2020-04-01 14:03:50,"-7,7514338","112,8700750"
35.06,KAB. KEDIRI,3603,157,166,11,2,0,1,2020-04-01 13:58:28,"-7,8332959","112,1666262"
35.05,KAB. BLITAR,742,11,367,2,1,1,0,2020-04-01 13:58:14,"-8,2814419","112,3027620"
35.72,KOTA BLITAR,514,13,127,1,1,0,0,2020-04-01 14:08:06,"-8,1031510","112,1626800"
35.27,KAB. SAMPANG,4398,5,153,0,0,0,0,2020-04-01 13:55:57,"-7,1927155","113,2429293"
35.24,KAB. LAMONGAN,18108,14,165,21,0,0,0,2020-04-01 13:52:58,"-7,1181110","112,4149810"
35.15,KAB. SIDOARJO,508,341,187,64,11,0,1,2020-04-01 16:38:53,"-7,4338023","112,6734275"
35.20,KAB. MAGETAN,269,0,57,10,9,5,1,2020-04-01 15:24:24,"-7,6774309","111,3616371"
35.21,KAB. NGAWI,6324,4,151,7,0,0,0,2020-04-01 13:43:59,"-7,4324690","111,2547392"
35.03,KAB. TRENGGALEK,7391,4,454,2,0,0,0,2020-04-01 13:43:36,"-8,176848","111,610650"
35.09,KAB. JEMBER,1679,19,260,14,2,0,0,2020-04-01 13:34:15,"-8,3951516","113,6809395"
35.17,KAB. JOMBANG,2736,29,216,5,1,0,0,2020-04-01 13:28:03,"-7,5567779","112,2489964"
35.23,KAB. TUBAN,4574,0,320,7,0,0,0,2020-04-01 13:27:41,-6.899108667900085,111.763916015625
35.25,KAB. GRESIK,777,36,490,50,3,0,1,2020-04-01 13:27:19,"-7,1610846","112,6220300"
35.75,KOTA PASURUAN,288,2,40,0,0,0,0,2020-04-01 13:26:13,"-7,6514338","112,8700750"
35.04,KAB. TULUNGAGUNG,4698,37,624,35,1,0,0,2020-04-01 13:16:50,"-7,7455014","111,8953035"
35.73,KOTA MALANG,577,44,223,26,5,3,0,2020-04-01 17:13:18,"-7,9786395","112,5617416"
35.10,KAB. BANYUWANGI,1886,62,319,0,1,0,0,2020-04-01 13:10:53,"-8,4169235","114,3311312"
35.74,KOTA PROBOLINGGO,325,2,131,2,0,0,0,2020-04-01 13:07:31,"-7,7723105","113,1664559"
35.02,KAB. PONOROGO,1147,86,191,11,0,0,0,2020-04-01 13:02:53,"-7,8756185","111,4692888"
35.18,KAB. NGANJUK,8101,6,27,8,4,0,0,2020-04-01 16:30:19,"-7,6150520","111,6670610"
35.79,KOTA BATU,660,23,86,1,1,0,0,2020-04-01 12:54:51,"-7,8769031","112,4998848"
35.76,KOTA MOJOKERTO,510,1,149,5,0,0,0,2020-04-01 12:48:13,"-7,4714887","112,4217213"
35.77,KOTA MADIUN,183,3,26,8,0,0,0,2020-04-01 12:38:34,"-7,6300605","111,4930316"
35.08,KAB. LUMAJANG,1652,70,153,14,3,0,0,2020-04-01 13:24:43,"-8,1295529","113,2236942"
35.11,KAB. BONDOWOSO,5545,1,317,1,0,0,0,2020-04-01 12:57:25,"-8,0284796","114,0265067"
35.26,KAB. BANGKALAN,6769,0,258,1,0,0,0,2020-04-01 12:59:13,"-7,0234914","112,7519820"
35.07,KAB. MALANG,891,99,101,28,5,0,1,2020-04-01 12:47:23,-8.2084395,"112,7468452"
35.16,KAB. MOJOKERTO,3470,0,165,28,0,0,0,2020-04-01 13:08:45,"-7,586911","112,420605"
35.28,KAB. PAMEKASAN,4394,0,178,3,1,0,1,2020-04-01 15:21:26,"-7,1548002","113,4379637"
35.19,KAB. MADIUN,388,2,89,4,1,0,0,2020-04-01 11:56:13,"-7,6666455","111,5912452"
35.12,KAB. SITUBONDO,1934,0,145,4,6,0,0,2020-04-01 16:36:58,"-7,7168478","113,9278534"
35.29,KAB. SUMENEP,7137,0,76,0,0,0,0,2020-04-01 13:15:41,"-7,0095355","113,8495442"
35.13,KAB. PROBOLINGGO,1842,0,174,4,0,0,0,2020-04-01 11:25:03,"-7,8223105","113,3864559"
35.12,KAB. SITUBONDO,1432,0,125,2,5,0,0,2020-03-31 16:11:11,"-7,7168478","113,9278534"
35.22,KAB. BOJONEGORO,7706,15,75,1,0,0,0,2020-03-31 14:44:58,"-7,1524790","111,8869290"
35.76,KOTA MOJOKERTO,459,1,129,10,0,0,0,2020-03-31 14:35:02,"-7,4714887","112,4217213"
35.29,KAB. SUMENEP,6686,0,72,0,0,0,0,2020-03-31 15:54:12,"-7,0095355","113,8495442"
35.24,KAB. LAMONGAN,15563,15,154,17,0,0,0,2020-03-31 14:22:50,"-7,1181110","112,4149810"
35.19,KAB. MADIUN,388,0,89,3,1,0,0,2020-03-31 15:54:51,"-7,6666455","111,5912452"
35.78,KOTA SURABAYA,3730,159,237,73,41,13,2,2020-03-31 15:41:16,"-7,2756141","112,6426424"
35.72,KOTA BLITAR,459,13,119,1,1,0,0,2020-03-31 14:05:12,"-8,1031510","112,1626800"
35.03,KAB. TRENGGALEK,6292,4,400,2,0,0,0,2020-03-31 14:06:01,"-8,176848","111,610650"
35.01,KAB. PACITAN,5905,6,289,3,0,0,0,2020-03-31 14:04:40,"-8,1318878","111,2278873"
35.06,KAB. KEDIRI,3059,0,148,7,2,0,1,2020-03-31 13:59:47,"-7,8332959","112,1666262"
35.71,KOTA KEDIRI,399,24,81,1,1,0,0,2020-03-31 13:58:11,"-7,8228400","112,0118640"
35.10,KAB. BANYUWANGI,1730,62,288,0,1,0,0,2020-03-31 14:00:21,"-8,4169235","114,3311312"
35.02,KAB. PONOROGO,1125,69,191,11,0,0,0,2020-03-31 13:55:29,"-7,8756185","111,4692888"
35.27,KAB. SAMPANG,3649,5,120,0,0,0,0,2020-03-31 13:51:41,"-7,1927155","113,2429293"
35.09,KAB. JEMBER,1402,19,222,13,2,0,0,2020-03-31 13:41:17,"-8,3951516","113,6809395"
35.15,KAB. SIDOARJO,508,313,178,52,10,0,1,2020-03-31 13:40:28,"-7,4338023","112,6734275"
35.04,KAB. TULUNGAGUNG,3987,22,559,31,1,0,0,2020-03-31 13:34:32,"-7,7455014","111,8953035"
35.05,KAB. BLITAR,325,6,325,2,1,1,0,2020-03-31 13:53:41,"-8,2814419","112,3027620"
35.79,KOTA BATU,618,0,80,1,1,0,0,2020-03-31 13:28:51,"-7,8769031","112,4998848"
35.17,KAB. JOMBANG,2317,0,204,5,1,0,0,2020-03-31 13:27:55,"-7,5567779","112,2489964"
35.21,KAB. NGAWI,5056,4,134,5,0,0,0,2020-03-31 13:26:59,"-7,4324690","111,2547392"
35.25,KAB. GRESIK,734,31,422,35,3,0,1,2020-03-31 15:32:55,"-7,1610846","112,6220300"
35.73,KOTA MALANG,478,45,210,23,4,3,0,2020-03-31 13:45:34,"-7,9786395","112,5617416"
35.14,KAB. PASURUAN,265,0,10,16,0,0,0,2020-03-31 14:06:00,"-7,7514338","112,8700750"
35.18,KAB. NGANJUK,6654,6,24,11,0,0,0,2020-03-31 13:11:03,"-7,6150520","111,6670610"
35.74,KOTA PROBOLINGGO,270,2,124,2,0,0,0,2020-03-31 13:09:51,"-7,7723105","113,1664559"
35.23,KAB. TUBAN,3526,0,254,7,0,0,0,2020-03-31 13:06:51,-6.899108667900085,111.763916015625
35.16,KAB. MOJOKERTO,3168,0,157,28,0,0,0,2020-03-31 12:58:58,"-7,586911","112,420605"
35.20,KAB. MAGETAN,269,0,51,9,9,0,1,2020-03-31 12:53:40,"-7,6774309","111,3616371"
35.77,KOTA MADIUN,163,3,17,8,0,0,0,2020-03-31 12:45:52,"-7,6300605","111,4930316"
35.08,KAB. LUMAJANG,1552,70,133,10,3,0,0,2020-03-31 12:42:21,"-8,1295529","113,2236942"
35.11,KAB. BONDOWOSO,4961,1,283,1,0,0,0,2020-03-31 12:29:29,"-8,0284796","114,0265067"
35.28,KAB. PAMEKASAN,3719,0,169,1,1,0,1,2020-03-31 15:01:08,"-7,1548002","113,4379637"
35.07,KAB. MALANG,861,99,78,24,5,0,1,2020-03-31 12:03:14,-8.2084395,"112,7468452"
35.13,KAB. PROBOLINGGO,1595,0,159,4,0,0,0,2020-03-31 12:01:22,"-7,8223105","113,3864559"
35.75,KOTA PASURUAN,213,2,32,0,0,0,0,2020-03-31 12:08:07,"-7,6514338","112,8700750"
35.26,KAB. BANGKALAN,5314,0,223,1,0,0,0,2020-03-31 10:55:43,"-7,0234914","112,7519820"
35.27,KAB. SAMPANG,2254,0,87,0,0,0,0,2020-03-30 16:46:03,"-7,1927155","113,2429293"
35.74,KOTA PROBOLINGGO,207,0,93,1,0,0,0,2020-03-30 16:46:02,"-7,7723105","113,1664559"
35.24,KAB. LAMONGAN,9171,0,111,12,0,0,0,2020-03-30 16:44:17,"-7,1181110","112,4149810"
35.16,KAB. MOJOKERTO,2785,0,143,22,0,0,0,2020-03-30 16:42:47,"-7,586911","112,420605"
35.07,KAB. MALANG,837,0,69,18,5,0,1,2020-03-30 16:41:51,-8.2084395,"112,7468452"
35.28,KAB. PAMEKASAN,2947,2947,128,1,1,0,1,2020-03-30 16:30:15,"-7,1548002","113,4379637"
35.02,KAB. PONOROGO,1074,0,181,8,0,0,0,2020-03-30 16:28:00,"-7,8756185","111,4692888"
35.11,KAB. BONDOWOSO,4434,0,266,1,0,0,0,2020-03-30 16:26:53,"-8,0284796","114,0265067"
35.04,KAB. TULUNGAGUNG,3453,0,519,27,1,0,0,2020-03-30 16:36:07,"-7,7455014","111,8953035"
35.26,KAB. BANGKALAN,3922,0,196,1,0,0,0,2020-03-30 16:13:54,"-7,0234914","112,7519820"
35.29,KAB. SUMENEP,4660,0,65,0,0,0,0,2020-03-30 16:07:47,"-7,0095355","113,8495442"
35.73,KOTA MALANG,473,0,179,18,4,3,0,2020-03-30 17:21:31,"-7,9786395","112,5617416"
35.06,KAB. KEDIRI,2722,0,141,7,2,0,1,2020-03-30 15:46:33,"-7,8332959","112,1666262"
35.08,KAB. LUMAJANG,1452,65,115,10,3,0,0,2020-03-30 16:44:29,"-8,1295529","113,2236942"
35.76,KOTA MOJOKERTO,443,1,126,5,0,0,0,2020-03-30 15:38:19,"-7,4714887","112,4217213"
35.19,KAB. MADIUN,378,0,88,4,0,0,0,2020-03-30 17:22:32,"-7,6666455","111,5912452"
35.18,KAB. NGANJUK,5096,0,25,11,0,0,0,2020-03-30 17:41:49,"-7,6150520","111,6670610"
35.10,KAB. BANYUWANGI,1513,62,233,0,1,0,0,2020-03-30 16:51:47,"-8,4169235","114,3311312"
35.75,KOTA PASURUAN,184,2,29,0,0,0,0,2020-03-30 15:09:10,"-7,6514338","112,8700750"
35.20,KAB. MAGETAN,269,0,45,9,9,0,1,2020-03-30 15:01:21,"-7,6774309","111,3616371"
35.14,KAB. PASURUAN,211,0,8,14,0,0,0,2020-03-30 15:04:32,"-7,7514338","112,8700750"
35.22,KAB. BOJONEGORO,6098,15,68,1,0,0,0,2020-03-30 14:56:43,"-7,1524790","111,8869290"
35.77,KOTA MADIUN,109,3,16,8,0,0,0,2020-03-30 14:54:00,"-7,6300605","111,4930316"
35.21,KAB. NGAWI,4121,0,105,5,0,0,0,2020-03-30 14:48:11,"-7,4324690","111,2547392"
35.71,KOTA KEDIRI,279,17,76,1,1,0,0,2020-03-30 14:43:56,"-7,8228400","112,0118640"
35.23,KAB. TUBAN,2650,0,215,7,0,0,0,2020-03-30 14:38:03,-6.899108667900085,111.763916015625
35.72,KOTA BLITAR,397,0,110,1,1,0,0,2020-03-30 14:35:45,"-8,1031510","112,1626800"
35.17,KAB. JOMBANG,1715,0,169,5,1,0,0,2020-03-30 14:33:18,"-7,5567779","112,2489964"
35.13,KAB. PROBOLINGGO,1280,4,143,4,0,0,0,2020-03-30 17:43:08,"-7,8223105","113,3864559"
35.12,KAB. SITUBONDO,1432,0,125,2,5,0,0,2020-03-30 17:00:03,"-7,7168478","113,9278534"
35.78,KOTA SURABAYA,4135,0,207,66,41,12,2,2020-03-30 16:56:52,"-7,2756141","112,6426424"
35.15,KAB. SIDOARJO,508,242,150,51,10,0,1,2020-03-30 15:29:09,"-7,4338023","112,6734275"
35.25,KAB. GRESIK,722,31,354,29,2,0,1,2020-03-30 15:22:33,"-7,1610846","112,6220300"
35.03,KAB. TRENGGALEK,5670,4,347,2,0,0,0,2020-03-30 14:51:49,"-8,176848","111,610650"
35.79,KOTA BATU,542,0,80,1,1,0,0,2020-03-30 14:26:35,"-7,8769031","112,4998848"
35.05,KAB. BLITAR,738,6,319,2,1,1,0,2020-03-30 16:44:02,"-8,2814419","112,3027620"
35.09,KAB. JEMBER,19,0,207,11,2,0,0,2020-03-30 14:24:00,"-8,3951516","113,6809395"
35.01,KAB. PACITAN,4647,0,274,1,0,0,0,2020-03-30 14:26:17,"-8,1318878","111,2278873"
35.28,KAB. PAMEKASAN,2447,0,115,1,1,0,0,2020-03-29 17:49:38,"-7,1548002","113,4379637"
35.22,KAB. BOJONEGORO,4804,0,64,1,0,0,0,2020-03-29 14:42:31,"-7,1524790","111,8869290"
35.24,KAB. LAMONGAN,9171,0,111,12,0,0,0,2020-03-29 14:16:30,"-7,1181110","112,4149810"
35.78,KOTA SURABAYA,4135,0,206,61,41,9,2,2020-03-29 15:44:01,"-7,2756141","112,6426424"
35.71,KOTA KEDIRI,239,0,71,1,1,0,0,2020-03-29 14:06:32,"-7,8228400","112,0118640"
35.19,KAB. MADIUN,377,0,70,4,0,0,0,2020-03-29 14:00:38,"-7,6666455","111,5912452"
35.01,KAB. PACITAN,3675,0,226,1,0,0,0,2020-03-29 13:57:19,"-8,1318878","111,2278873"
35.18,KAB. NGANJUK,3810,0,23,10,0,0,0,2020-03-29 13:57:01,"-7,6150520","111,6670610"
35.27,KAB. SAMPANG,2254,0,87,0,0,0,0,2020-03-29 13:55:56,"-7,1927155","113,2429293"
35.04,KAB. TULUNGAGUNG,2502,0,462,26,1,0,0,2020-03-29 15:35:17,"-7,7455014","111,8953035"
35.02,KAB. PONOROGO,1049,0,170,1,0,0,0,2020-03-29 13:47:57,"-7,8756185","111,4692888"
35.10,KAB. BANYUWANGI,1099,0,196,0,1,0,0,2020-03-29 15:22:18,"-8,4169235","114,3311312"
35.05,KAB. BLITAR,734,0,282,2,1,1,0,2020-03-29 13:37:24,"-8,2814419","112,3027620"
35.15,KAB. SIDOARJO,508,0,124,49,10,0,1,2020-03-29 15:26:58,"-7,4338023","112,6734275"
35.20,KAB. MAGETAN,269,0,43,9,9,0,1,2020-03-29 15:15:35,"-7,6774309","111,3616371"
35.14,KAB. PASURUAN,211,0,8,14,0,0,0,2020-03-29 13:23:46,"-7,7514338","112,8700750"
35.09,KAB. JEMBER,1047,0,207,10,2,0,0,2020-03-29 16:02:11,"-8,3951516","113,6809395"
35.03,KAB. TRENGGALEK,4761,0,286,2,0,0,0,2020-03-29 13:18:52,"-8,176848","111,610650"
35.29,KAB. SUMENEP,4400,0,60,0,0,0,0,2020-03-29 13:18:50,"-7,0095355","113,8495442"
35.23,KAB. TUBAN,2212,0,178,5,0,0,0,2020-03-29 13:11:53,-6.899108667900085,111.763916015625
35.06,KAB. KEDIRI,2441,0,107,5,2,0,1,2020-03-29 13:11:44,"-7,8332959","112,1666262"
35.72,KOTA BLITAR,345,0,102,1,1,0,0,2020-03-29 15:20:04,"-8,1031510","112,1626800"
35.25,KAB. GRESIK,706,0,153,25,2,0,1,2020-03-29 13:28:26,"-7,1610846","112,6220300"
35.76,KOTA MOJOKERTO,443,0,126,5,0,0,0,2020-03-29 12:59:59,"-7,4714887","112,4217213"
35.21,KAB. NGAWI,3075,0,98,5,0,0,0,2020-03-29 12:59:05,"-7,4324690","111,2547392"
35.17,KAB. JOMBANG,1323,0,146,3,1,0,0,2020-03-29 16:03:45,"-7,5567779","112,2489964"
35.12,KAB. SITUBONDO,1239,0,121,3,4,0,0,2020-03-29 15:59:57,"-7,7168478","113,9278534"
35.73,KOTA MALANG,471,0,165,16,4,3,0,2020-03-29 17:03:57,"-7,9786395","112,5617416"
35.16,KAB. MOJOKERTO,2785,0,143,22,0,0,0,2020-03-29 12:47:23,"-7,586911","112,420605"
35.07,KAB. MALANG,837,0,69,18,5,0,1,2020-03-29 12:45:12,-8.2084395,"112,7468452"
35.08,KAB. LUMAJANG,1352,0,104,8,3,0,0,2020-03-29 15:47:04,"-8,1295529","113,2236942"
35.79,KOTA BATU,494,0,70,1,1,0,0,2020-03-29 12:01:53,"-7,8769031","112,4998848"
35.77,KOTA MADIUN,96,0,13,8,0,0,0,2020-03-29 11:46:14,"-7,6300605","111,4930316"
35.74,KOTA PROBOLINGGO,207,0,93,1,0,0,0,2020-03-29 11:39:16,"-7,7723105","113,1664559"
35.26,KAB. BANGKALAN,2934,0,162,1,0,0,0,2020-03-29 11:19:46,"-7,0234914","112,7519820"
35.13,KAB. PROBOLINGGO,992,0,135,4,0,0,0,2020-03-29 11:19:05,"-7,8223105","113,3864559"
35.11,KAB. BONDOWOSO,3789,0,248,1,0,0,0,2020-03-29 11:53:49,"-8,0284796","114,0265067"
35.75,KOTA PASURUAN,157,0,27,0,0,0,0,2020-03-29 10:42:07,"-7,6514338","112,8700750"
35.22,KAB. BOJONEGORO,3010,0,57,1,0,0,0,2020-03-28 14:48:58,"-7,1524790","111,8869290"
35.04,KAB. TULUNGAGUNG,2033,0,454,26,0,0,0,2020-03-28 14:24:53,"-7,7455014","111,8953035"
35.71,KOTA KEDIRI,188,0,46,1,1,0,0,2020-03-28 16:28:44,"-7,8228400","112,0118640"
35.01,KAB. PACITAN,3209,0,209,1,0,0,0,2020-03-28 13:58:45,"-8,1318878","111,2278873"
35.72,KOTA BLITAR,315,0,96,2,0,0,0,2020-03-28 13:49:23,"-8,1031510","112,1626800"
35.15,KAB. SIDOARJO,484,0,93,48,9,0,1,2020-03-28 16:16:30,"-7,4338023","112,6734275"
35.05,KAB. BLITAR,731,0,264,2,1,1,0,2020-03-28 13:46:29,"-8,2814419","112,3027620"
35.19,KAB. MADIUN,354,0,065,4,0,0,0,2020-03-28 14:32:25,"-7,6666455","111,5912452"
35.09,KAB. JEMBER,842,0,168,10,1,0,0,2020-03-28 13:41:38,"-8,3951516","113,6809395"
35.10,KAB. BANYUWANGI,999,0,179,1,0,0,0,2020-03-28 13:42:43,"-8,4169235","114,3311312"
35.06,KAB. KEDIRI,2080,0,94,4,2,0,1,2020-03-28 13:35:50,"-7,8332959","112,1666262"
35.12,KAB. SITUBONDO,1053,0,117,3,2,0,0,2020-03-28 13:35:16,"-7,7168478","113,9278534"
35.18,KAB. NGANJUK,3010,0,19,8,0,0,0,2020-03-28 13:30:20,"-7,6150520","111,6670610"
35.27,KAB. SAMPANG,1885,0,81,0,0,0,0,2020-03-28 13:27:49,"-7,1927155","113,2429293"
35.78,KOTA SURABAYA,4135,0,195,50,40,6,1,2020-03-28 15:59:19,"-7,2756141","112,6426424"
35.79,KOTA BATU,468,0,68,0,1,0,0,2020-03-28 13:21:33,"-7,8769031","112,4998848"
35.08,KAB. LUMAJANG,1202,0,83,8,1,0,0,2020-03-28 13:20:31,"-8,1295529","113,2236942"
35.24,KAB. LAMONGAN,5576,0,94,9,0,0,0,2020-03-28 13:16:11,"-7,1181110","112,4149810"
35.03,KAB. TRENGGALEK,3788,0,264,2,0,0,0,2020-03-28 13:05:24,"-8,176848","111,610650"
35.29,KAB. SUMENEP,3215,0,37,0,0,0,0,2020-03-28 13:03:21,"-7,0095355","113,8495442"
35.20,KAB. MAGETAN,269,0,39,8,9,0,0,2020-03-28 15:23:27,"-7,6774309","111,3616371"
35.73,KOTA MALANG,387,0,156,13,3,1,0,2020-03-28 16:26:49,"-7,9786395","112,5617416"
35.25,KAB. GRESIK,706,0,132,24,2,0,0,2020-03-28 16:18:25,"-7,1610846","112,6220300"
35.23,KAB. TUBAN,1927,0,166,3,0,0,0,2020-03-28 12:50:40,-6.899108667900085,111.763916015625
35.21,KAB. NGAWI,2612,0,88,5,0,0,0,2020-03-28 12:47:32,"-7,4324690","111,2547392"
35.17,KAB. JOMBANG,1054,0,124,4,0,0,0,2020-03-28 12:46:38,"-7,5567779","112,2489964"
35.14,KAB. PASURUAN,211,0,6,13,0,0,0,2020-03-28 16:00:02,"-7,7514338","112,8700750"
35.07,KAB. MALANG,828,0,61,17,5,0,1,2020-03-28 12:38:13,-8.2084395,"112,7468452"
35.74,KOTA PROBOLINGGO,184,0,80,1,0,0,0,2020-03-28 12:36:01,"-7,7723105","113,1664559"
35.76,KOTA MOJOKERTO,441,0,121,5,0,0,0,2020-03-28 12:35:16,"-7,4714887","112,4217213"
35.75,KOTA PASURUAN,143,0,25,0,0,0,0,2020-03-28 12:17:37,"-7,6514338","112,8700750"
35.02,KAB. PONOROGO,1017,0,153,3,0,0,0,2020-03-28 12:13:20,"-7,8756185","111,4692888"
35.77,KOTA MADIUN,92,0,13,8,0,0,0,2020-03-28 12:08:55,"-7,6300605","111,4930316"
35.11,KAB. BONDOWOSO,3487,0,242,1,0,0,0,2020-03-28 12:02:30,"-8,0284796","114,0265067"
35.16,KAB. MOJOKERTO,2604,0,137,16,0,0,0,2020-03-28 13:24:57,"-7,586911","112,420605"
35.28,KAB. PAMEKASAN,1923,0,101,1,0,0,0,2020-03-28 11:33:25,"-7,1548002","113,4379637"
35.13,KAB. PROBOLINGGO,696,0,108,4,0,0,0,2020-03-28 11:02:53,"-7,8223105","113,3864559"
35.26,KAB. BANGKALAN,1885,0,133,1,0,0,0,2020-03-28 10:41:25,"-7,0234914","112,7519820"
35.76,KOTA MOJOKERTO,390,0,99,3,0,0,0,2020-03-27 14:33:25,"-7,4714887","112,4217213"
35.22,KAB. BOJONEGORO,2254,0,50,1,0,0,0,2020-03-27 14:27:43,"-7,1524790","111,8869290"
35.15,KAB. SIDOARJO,484,0,66,44,8,0,1,2020-03-27 14:03:36,"-7,4338023","112,6734275"
35.71,KOTA KEDIRI,73,0,15,0,0,0,0,2020-03-27 14:29:30,"-7,8228400","112,0118640"
35.01,KAB. PACITAN,2179,0,154,1,0,0,0,2020-03-27 13:47:53,"-8,1318878","111,2278873"
35.05,KAB. BLITAR,723,0,197,2,1,1,0,2020-03-27 13:47:30,"-8,2814419","112,3027620"
35.72,KOTA BLITAR,269,0,82,2,0,0,0,2020-03-27 13:46:17,"-8,1031510","112,1626800"
35.09,KAB. JEMBER,633,0,140,9,1,0,0,2020-03-27 15:32:38,"-8,3951516","113,6809395"
35.04,KAB. TULUNGAGUNG,1208,0,410,26,0,0,0,2020-03-27 14:36:30,"-7,7455014","111,8953035"
35.18,KAB. NGANJUK,2124,0,17,4,0,0,0,2020-03-27 13:42:13,"-7,6150520","111,6670610"
35.25,KAB. GRESIK,691,0,90,22,1,0,0,2020-03-27 13:36:50,"-7,1610846","112,6220300"
35.03,KAB. TRENGGALEK,3101,0,217,2,0,0,0,2020-03-27 13:33:38,"-8,176848","111,610650"
35.10,KAB. BANYUWANGI,925,0,128,1,0,0,0,2020-03-27 13:31:00,"-8,4169235","114,3311312"
35.78,KOTA SURABAYA,4135,0,193,34,33,6,1,2020-03-27 13:29:02,"-7,2756141","112,6426424"
35.06,KAB. KEDIRI,1708,0,69,4,2,0,1,2020-03-27 13:28:18,"-7,8332959","112,1666262"
35.23,KAB. TUBAN,1335,0,121,2,0,0,0,2020-03-27 13:26:09,-6.899108667900085,111.763916015625
35.19,KAB. MADIUN,317,0,053,04,0,0,0,2020-03-27 15:01:46,"-7,6666455","111,5912452"
35.14,KAB. PASURUAN,211,0,6,12,0,0,0,2020-03-27 13:26:25,"-7,7514338","112,8700750"
35.24,KAB. LAMONGAN,3618,0,77,8,0,0,0,2020-03-27 13:19:03,"-7,1181110","112,4149810"
35.29,KAB. SUMENEP,2195,0,31,0,0,0,0,2020-03-27 13:16:36,"-7,0095355","113,8495442"
35.74,KOTA PROBOLINGGO,169,0,68,1,0,0,0,2020-03-27 13:07:08,"-7,7723105","113,1664559"
35.27,KAB. SAMPANG,1567,0,61,0,0,0,0,2020-03-27 13:01:25,"-7,1927155","113,2429293"
35.73,KOTA MALANG,378,0,142,12,3,1,0,2020-03-27 16:21:33,"-7,9786395","112,5617416"
35.77,KOTA MADIUN,77,0,13,8,0,0,0,2020-03-27 12:48:53,"-7,6300605","111,4930316"
35.17,KAB. JOMBANG,466,0,91,3,0,0,0,2020-03-27 12:46:11,"-7,5567779","112,2489964"
35.13,KAB. PROBOLINGGO,616,0,88,3,0,0,0,2020-03-27 12:33:59,"-7,8223105","113,3864559"
35.12,KAB. SITUBONDO,814,0,112,5,2,0,0,2020-03-27 15:33:08,"-7,7168478","113,9278534"
35.16,KAB. MOJOKERTO,1328,0,121,10,0,0,0,2020-03-27 12:30:19,"-7,586911","112,420605"
35.02,KAB. PONOROGO,990,0,138,3,0,0,0,2020-03-27 12:49:35,"-7,8756185","111,4692888"
35.07,KAB. MALANG,774,0,49,16,5,0,1,2020-03-27 15:40:06,-8.2084395,"112,7468452"
35.11,KAB. BONDOWOSO,3094,0,222,1,0,0,0,2020-03-27 12:36:03,"-8,0284796","114,0265067"
35.75,KOTA PASURUAN,124,0,18,0,0,0,0,2020-03-27 12:12:22,"-7,6514338","112,8700750"
35.20,KAB. MAGETAN,269,0,35,9,8,0,0,2020-03-27 12:04:31,"-7,6774309","111,3616371"
35.08,KAB. LUMAJANG,1002,0,74,8,1,0,0,2020-03-27 15:33:54,"-8,1295529","113,2236942"
35.26,KAB. BANGKALAN,1452,0,119,1,0,0,0,2020-03-27 11:00:30,"-7,0234914","112,7519820"
35.28,KAB. PAMEKASAN,1677,0,85,1,0,0,0,2020-03-27 10:29:58,"-7,1548002","113,4379637"
35.79,KOTA BATU,441,0,66,0,1,0,0,2020-03-27 15:42:02,"-7,8769031","112,4998848"
35.21,KAB. NGAWI,1881,0,64,5,0,0,0,2020-03-27 13:15:13,"-7,4324690","111,2547392"
35.04,KAB. TULUNGAGUNG,863,0,300,24,0,0,0,2020-03-26 15:25:56,"-7,7455014","111,8953035"
35.27,KAB. SAMPANG,1357,0,50,0,0,0,0,2020-03-26 15:25:55,"-7,1927155","113,2429293"
35.22,KAB. BOJONEGORO,2254,0,45,0,0,0,0,2020-03-26 14:49:06,"-7,1524790","111,8869290"
35.28,KAB. PAMEKASAN,1047,0,78,1,0,0,0,2020-03-26 14:16:15,"-7,1548002","113,4379637"
35.29,KAB. SUMENEP,1612,0,22,0,0,0,0,2020-03-26 14:10:07,"-7,0095355","113,8495442"
35.72,KOTA BLITAR,229,0,70,2,0,0,0,2020-03-26 14:20:53,"-8,1031510","112,1626800"
35.01,KAB. PACITAN,1601,0,131,1,0,0,0,2020-03-26 13:55:34,"-8,1318878","111,2278873"
35.10,KAB. BANYUWANGI,769,0,111,1,0,0,0,2020-03-26 13:55:12,"-8,4169235","114,3311312"
35.15,KAB. SIDOARJO,476,0,33,41,8,0,1,2020-03-26 13:51:58,"-7,4338023","112,6734275"
35.71,KOTA KEDIRI,103,0,5,0,0,0,0,2020-03-26 14:05:37,"-7,8228400","112,0118640"
35.09,KAB. JEMBER,489,0,119,9,0,0,0,2020-03-26 13:45:03,"-8,3951516","113,6809395"
35.05,KAB. BLITAR,723,0,155,2,1,0,0,2020-03-26 13:44:13,"-8,2814419","112,3027620"
35.76,KOTA MOJOKERTO,390,0,99,3,0,0,0,2020-03-26 13:39:27,"-7,4714887","112,4217213"
35.06,KAB. KEDIRI,1440,0,62,4,2,0,0,2020-03-26 16:16:22,"-7,8332959","112,1666262"
35.73,KOTA MALANG,377,0,137,11,2,1,0,2020-03-26 13:21:08,"-7,9786395","112,5617416"
35.18,KAB. NGANJUK,1315,0,14,3,0,0,0,2020-03-26 13:14:03,"-7,6150520","111,6670610"
35.02,KAB. PONOROGO,973,0,100,7,0,0,0,2020-03-26 13:17:14,"-7,8756185","111,4692888"
35.21,KAB. NGAWI,1405,0,60,5,0,0,0,2020-03-26 13:11:48,"-7,4324690","111,2547392"
35.14,KAB. PASURUAN,28,0,6,5,0,0,0,2020-03-26 14:30:14,"-7,7514338","112,8700750"
35.74,KOTA PROBOLINGGO,129,0,36,1,0,0,0,2020-03-26 13:05:56,"-7,7723105","113,1664559"
35.78,KOTA SURABAYA,3730,0,189,16,33,6,1,2020-03-26 16:42:32,"-7,2756141","112,6426424"
35.23,KAB. TUBAN,719,0,90,1,0,0,0,2020-03-26 12:55:52,-6.899108667900085,111.763916015625
35.03,KAB. TRENGGALEK,2153,0,140,2,0,0,0,2020-03-26 12:53:17,"-8,176848","111,610650"
35.77,KOTA MADIUN,63,0,5,6,0,0,0,2020-03-26 12:48:47,"-7,6300605","111,4930316"
35.17,KAB. JOMBANG,402,0,58,3,0,0,0,2020-03-26 12:47:40,"-7,5567779","112,2489964"
35.07,KAB. MALANG,771,0,40,15,4,0,1,2020-03-26 12:47:06,-8.2084395,"112,7468452"
35.75,KOTA PASURUAN,103,0,18,0,0,0,0,2020-03-26 12:44:02,"-7,6514338","112,8700750"
35.25,KAB. GRESIK,675,0,57,19,1,0,0,2020-03-26 15:39:11,"-7,1610846","112,6220300"
35.16,KAB. MOJOKERTO,1145,0,102,9,0,0,0,2020-03-26 12:50:29,"-7,586911","112,420605"
35.12,KAB. SITUBONDO,596,0,114,3,0,0,0,2020-03-26 12:18:36,"-7,7168478","113,9278534"
35.11,KAB. BONDOWOSO,2573,0,178,0,0,0,0,2020-03-26 12:12:49,"-8,0284796","114,0265067"
35.08,KAB. LUMAJANG,622,0,59,5,0,0,0,2020-03-26 11:57:58,"-8,1295529","113,2236942"
35.20,KAB. MAGETAN,269,0,34,9,8,0,0,2020-03-26 11:57:17,"-7,6774309","111,3616371"
35.26,KAB. BANGKALAN,989,0,94,1,0,0,0,2020-03-26 11:00:16,"-7,0234914","112,7519820"
35.19,KAB. MADIUN,311,0,41,3,0,0,0,2020-03-26 10:50:27,"-7,6666455","111,5912452"
35.13,KAB. PROBOLINGGO,526,0,70,3,0,0,0,2020-03-26 10:45:37,"-7,8223105","113,3864559"
35.79,KOTA BATU,417,0,58,0,0,0,0,2020-03-26 10:42:22,"-7,8769031","112,4998848"
35.24,KAB. LAMONGAN,2097,0,75,6,0,0,0,2020-03-26 09:35:24,"-7,1181110","112,4149810"
35.71,KOTA KEDIRI,88,0,5,0,0,0,0,2020-03-25 13:54:51,"-7,8228400","112,0118640"
35.10,KAB. BANYUWANGI,768,0,86,1,0,0,0,2020-03-25 15:04:13,"-8,4169235","114,3311312"
35.22,KAB. BOJONEGORO,1566,0,39,0,0,0,0,2020-03-25 13:51:51,"-7,1524790","111,8869290"
35.06,KAB. KEDIRI,1068,0,36,4,0,0,0,2020-03-25 13:44:03,"-7,8332959","112,1666262"
35.05,KAB. BLITAR,723,0,132,2,1,0,0,2020-03-25 13:43:35,"-8,2814419","112,3027620"
35.15,KAB. SIDOARJO,476,0,23,40,5,0,0,2020-03-25 13:42:10,"-7,4338023","112,6734275"
35.03,KAB. TRENGGALEK,1683,0,104,2,0,0,0,2020-03-25 13:38:44,"-8,176848","111,610650"
35.19,KAB. MADIUN,317,0,043,2,0,0,0,2020-03-25 13:36:17,"-7,6666455","111,5912452"
35.01,KAB. PACITAN,1077,0,103,2,0,0,0,2020-03-25 13:32:55,"-8,1318878","111,2278873"
35.73,KOTA MALANG,377,0,119,10,2,1,0,2020-03-25 13:28:12,"-7,9786395","112,5617416"
35.28,KAB. PAMEKASAN,751,0,59,1,0,0,0,2020-03-25 15:21:35,"-7,1548002","113,4379637"
35.27,KAB. SAMPANG,1200,0,43,0,0,0,0,2020-03-25 15:20:59,"-7,1927155","113,2429293"
35.18,KAB. NGANJUK,563,0,12,3,0,0,0,2020-03-25 13:25:22,"-7,6150520","111,6670610"
35.29,KAB. SUMENEP,1204,0,18,0,0,0,0,2020-03-25 13:24:06,"-7,0095355","113,8495442"
35.76,KOTA MOJOKERTO,230,0,56,3,0,0,0,2020-03-25 13:22:04,"-7,4714887","112,4217213"
35.02,KAB. PONOROGO,938,0,96,7,0,0,0,2020-03-25 13:17:57,"-7,8756185","111,4692888"
35.04,KAB. TULUNGAGUNG,691,0,251,20,0,0,0,2020-03-25 15:02:37,"-7,7455014","111,8953035"
35.09,KAB. JEMBER,439,0,107,8,0,0,0,2020-03-25 13:13:48,"-8,3951516","113,6809395"
35.25,KAB. GRESIK,664,0,43,10,0,0,0,2020-03-25 13:13:38,"-7,1610846","112,6220300"
35.72,KOTA BLITAR,190,0,57,1,0,0,0,2020-03-25 13:13:30,"-8,1031510","112,1626800"
35.77,KOTA MADIUN,52,0,5,6,0,0,0,2020-03-25 13:12:28,"-7,6300605","111,4930316"
35.20,KAB. MAGETAN,269,0,34,8,8,0,0,2020-03-25 12:44:08,"-7,6774309","111,3616371"
35.08,KAB. LUMAJANG,522,0,50,5,0,0,0,2020-03-25 13:14:14,"-8,1295529","113,2236942"
35.17,KAB. JOMBANG,378,0,40,3,0,0,0,2020-03-25 12:40:15,"-7,5567779","112,2489964"
35.23,KAB. TUBAN,581,0,76,1,0,0,0,2020-03-25 12:35:09,-6.899108667900085,111.763916015625
35.21,KAB. NGAWI,1007,0,47,5,0,0,0,2020-03-25 12:44:30,"-7,4324690","111,2547392"
35.12,KAB. SITUBONDO,465,0,97,3,0,0,0,2020-03-25 12:28:51,"-7,7168478","113,9278534"
35.16,KAB. MOJOKERTO,810,0,78,7,0,0,0,2020-03-25 12:16:12,"-7,586911","112,420605"
35.14,KAB. PASURUAN,28,0,5,5,0,0,0,2020-03-25 12:09:14,"-7,7514338","112,8700750"
35.26,KAB. BANGKALAN,720,0,86,1,0,0,0,2020-03-25 12:07:59,"-7,0234914","112,7519820"
35.07,KAB. MALANG,761,0,32,13,4,0,1,2020-03-25 11:54:35,-8.2084395,"112,7468452"
35.74,KOTA PROBOLINGGO,113,0,35,1,0,0,0,2020-03-25 11:41:05,"-7,7723105","113,1664559"
35.79,KOTA BATU,389,0,54,0,0,0,0,2020-03-25 12:17:50,"-7,8769031","112,4998848"
35.11,KAB. BONDOWOSO,1965,0,144,0,0,0,0,2020-03-25 12:02:18,"-8,0284796","114,0265067"
35.78,KOTA SURABAYA,2835,0,182,8,31,0,1,2020-03-25 11:01:41,"-7,2756141","112,6426424"
35.75,KOTA PASURUAN,92,0,14,0,0,0,0,2020-03-25 10:26:26,"-7,6514338","112,8700750"
35.24,KAB. LAMONGAN,1434,0,75,5,0,0,0,2020-03-25 09:43:09,"-7,1181110","112,4149810"
35.13,KAB. PROBOLINGGO,466,0,56,3,0,0,0,2020-03-25 11:08:29,"-7,8223105","113,3864559"
35.22,KAB. BOJONEGORO,1110,0,35,0,0,0,0,2020-03-24 14:18:35,"-7,1524790","111,8869290"
35.04,KAB. TULUNGAGUNG,658,0,204,18,0,0,0,2020-03-24 15:16:39,"-7,7455014","111,8953035"
35.05,KAB. BLITAR,724,0,100,1,1,0,0,2020-03-24 13:53:54,"-8,2814419","112,3027620"
35.12,KAB. SITUBONDO,367,0,91,3,0,0,0,2020-03-24 13:50:38,"-7,7168478","113,9278534"
35.10,KAB. BANYUWANGI,772,0,70,1,0,0,0,2020-03-24 13:49:25,"-8,4169235","114,3311312"
35.03,KAB. TRENGGALEK,1298,0,50,3,0,0,0,2020-03-24 13:48:12,"-8,176848","111,610650"
35.72,KOTA BLITAR,155,0,49,1,0,0,0,2020-03-24 13:47:44,"-8,1031510","112,1626800"
35.24,KAB. LAMONGAN,758,0,39,2,0,0,0,2020-03-24 13:43:07,"-7,1181110","112,4149810"
35.06,KAB. KEDIRI,763,0,32,4,0,0,0,2020-03-24 13:40:56,"-7,8332959","112,1666262"
35.19,KAB. MADIUN,237,0,30,2,0,0,0,2020-03-24 13:39:13,"-7,6666455","111,5912452"
35.71,KOTA KEDIRI,78,0,4,0,0,0,0,2020-03-24 13:36:05,"-7,8228400","112,0118640"
35.09,KAB. JEMBER,379,0,93,7,0,0,0,2020-03-24 13:19:38,"-8,3951516","113,6809395"
35.21,KAB. NGAWI,728,0,35,4,0,0,0,2020-03-24 15:46:43,"-7,4324690","111,2547392"
35.07,KAB. MALANG,696,0,17,8,4,0,1,2020-03-24 14:51:14,-8.2084395,"112,7468452"
35.76,KOTA MOJOKERTO,226,0,55,3,0,0,0,2020-03-24 15:44:57,"-7,4714887","112,4217213"
35.01,KAB. PACITAN,738,0,89,2,0,0,0,2020-03-24 13:14:58,"-8,1318878","111,2278873"
35.29,KAB. SUMENEP,919,0,14,0,0,0,0,2020-03-24 14:06:34,"-7,0095355","113,8495442"
35.17,KAB. JOMBANG,337,0,28,3,0,0,0,2020-03-24 13:13:55,"-7,5567779","112,2489964"
35.23,KAB. TUBAN,410,0,48,1,0,0,0,2020-03-24 13:08:57,-6.899108667900085,111.763916015625
35.27,KAB. SAMPANG,957,0,29,0,0,0,0,2020-03-24 13:05:37,"-7,1927155","113,2429293"
35.28,KAB. PAMEKASAN,625,0,40,1,0,0,0,2020-03-24 16:02:35,"-7,1548002","113,4379637"
35.78,KOTA SURABAYA,2835,0,182,10,31,0,1,2020-03-24 16:44:20,"-7,2756141","112,6426424"
35.73,KOTA MALANG,354,0,111,5,2,1,0,2020-03-24 16:12:20,"-7,9786395","112,5617416"
35.08,KAB. LUMAJANG,442,0,36,5,0,0,0,2020-03-24 13:36:23,"-8,1295529","113,2236942"
35.25,KAB. GRESIK,663,0,40,9,0,0,0,2020-03-24 12:53:21,"-7,1610846","112,6220300"
35.74,KOTA PROBOLINGGO,112,0,33,1,0,0,0,2020-03-24 12:52:04,"-7,7723105","113,1664559"
35.02,KAB. PONOROGO,910,0,81,7,0,0,0,2020-03-24 12:48:31,"-7,8756185","111,4692888"
35.18,KAB. NGANJUK,463,0,9,2,0,0,0,2020-03-24 12:42:14,"-7,6150520","111,6670610"
35.75,KOTA PASURUAN,89,0,11,0,0,0,0,2020-03-24 12:37:06,"-7,6514338","112,8700750"
35.16,KAB. MOJOKERTO,432,0,64,6,0,0,0,2020-03-24 12:32:25,"-7,586911","112,420605"
35.79,KOTA BATU,326,0,40,0,0,0,0,2020-03-24 12:24:09,"-7,8769031","112,4998848"
35.77,KOTA MADIUN,48,0,3,4,0,0,0,2020-03-24 12:17:44,"-7,6300605","111,4930316"
35.11,KAB. BONDOWOSO,1273,0,107,0,0,0,0,2020-03-24 12:17:14,"-8,0284796","114,0265067"
35.20,KAB. MAGETAN,269,0,15,7,8,0,0,2020-03-24 15:52:59,"-7,6774309","111,3616371"
35.15,KAB. SIDOARJO,476,0,21,14,5,0,0,2020-03-24 15:44:36,"-7,4338023","112,6734275"
35.13,KAB. PROBOLINGGO,339,0,38,2,0,0,0,2020-03-24 10:55:09,"-7,8223105","113,3864559"
35.26,KAB. BANGKALAN,530,0,58,1,0,0,0,2020-03-24 10:22:01,"-7,0234914","112,7519820"
35.22,KAB. BOJONEGORO,656,0,30,0,0,0,0,2020-03-23 14:47:42,"-7,1524790","111,8869290"
35.03,KAB. TRENGGALEK,957,0,7,1,0,0,0,2020-03-23 14:47:54,"-8,176848","111,610650"
35.72,KOTA BLITAR,102,0,45,0,0,0,0,2020-03-23 14:36:21,"-8,1031510","112,1626800"
35.71,KOTA KEDIRI,62,0,2,0,0,0,0,2020-03-23 14:14:44,"-7,8228400","112,0118640"
35.78,KOTA SURABAYA,2835,0,182,10,29,0,1,2020-03-23 14:38:23,"-7,2756141","112,6426424"
35.24,KAB. LAMONGAN,538,0,16,2,0,0,0,2020-03-23 14:05:34,"-7,1181110","112,4149810"
35.10,KAB. BANYUWANGI,669,0,54,0,0,0,0,2020-03-23 14:05:27,"-8,4169235","114,3311312"
35.09,KAB. JEMBER,348,0,69,4,0,0,0,2020-03-23 14:02:07,"-8,3951516","113,6809395"
35.04,KAB. TULUNGAGUNG,453,0,67,18,0,0,0,2020-03-23 14:55:18,"-7,7455014","111,8953035"
35.02,KAB. PONOROGO,864,0,59,6,0,0,0,2020-03-23 13:50:10,"-7,8756185","111,4692888"
35.73,KOTA MALANG,350,0,96,6,1,1,0,2020-03-23 13:50:46,"-7,9786395","112,5617416"
35.12,KAB. SITUBONDO,231,0,90,2,0,0,0,2020-03-23 14:47:01,"-7,7168478","113,9278534"
35.01,KAB. PACITAN,590,0,72,2,0,0,0,2020-03-23 13:39:02,"-8,1318878","111,2278873"
35.08,KAB. LUMAJANG,362,0,31,4,0,0,0,2020-03-23 14:06:40,"-8,1295529","113,2236942"
35.28,KAB. PAMEKASAN,486,0,22,1,0,0,0,2020-03-23 13:37:56,"-7,1548002","113,4379637"
35.19,KAB. MADIUN,235,0,22,2,0,0,0,2020-03-23 13:33:24,"-7,6666455","111,5912452"
35.75,KOTA PASURUAN,79,0,5,0,0,0,0,2020-03-23 13:29:28,"-7,6514338","112,8700750"
35.76,KOTA MOJOKERTO,236,0,39,3,0,0,0,2020-03-23 13:26:52,"-7,4714887","112,4217213"
35.21,KAB. NGAWI,527,0,30,4,0,0,0,2020-03-23 13:17:58,"-7,4324690","111,2547392"
35.25,KAB. GRESIK,620,0,33,7,0,0,0,2020-03-23 13:10:46,"-7,1610846","112,6220300"
35.17,KAB. JOMBANG,287,0,25,3,0,0,0,2020-03-23 13:06:13,"-7,5567779","112,2489964"
35.23,KAB. TUBAN,340,0,27,1,0,0,0,2020-03-23 13:03:51,-6.899108667900085,111.763916015625
35.13,KAB. PROBOLINGGO,258,0,25,3,0,0,0,2020-03-23 13:03:58,"-7,8223105","113,3864559"
35.27,KAB. SAMPANG,704,0,18,0,0,0,0,2020-03-23 13:05:01,"-7,1927155","113,2429293"
35.74,KOTA PROBOLINGGO,97,0,22,1,0,0,0,2020-03-23 14:34:29,"-7,7723105","113,1664559"
35.05,KAB. BLITAR,662,0,78,1,1,0,0,2020-03-23 16:02:19,"-8,2814419","112,3027620"
35.07,KAB. MALANG,549,0,16,6,4,0,1,2020-03-23 12:55:15,-8.2084395,"112,7468452"
35.79,KOTA BATU,301,0,35,0,0,0,0,2020-03-23 14:41:43,"-7,8769031","112,4998848"
35.29,KAB. SUMENEP,634,0,10,0,0,0,0,2020-03-23 13:19:30,"-7,0095355","113,8495442"
35.18,KAB. NGANJUK,305,0,7,2,0,0,0,2020-03-23 14:18:14,"-7,6150520","111,6670610"
35.06,KAB. KEDIRI,545,0,19,2,0,0,0,2020-03-23 12:29:12,"-7,8332959","112,1666262"
35.20,KAB. MAGETAN,167,0,15,7,3,0,0,2020-03-23 12:21:59,"-7,6774309","111,3616371"
35.77,KOTA MADIUN,46,0,3,4,0,0,0,2020-03-23 12:19:37,"-7,6300605","111,4930316"
35.16,KAB. MOJOKERTO,320,0,25,5,0,0,0,2020-03-23 12:02:00,"-7,586911","112,420605"
35.15,KAB. SIDOARJO,471,0,17,12,3,0,0,2020-03-23 12:36:22,"-7,4338023","112,6734275"
35.11,KAB. BONDOWOSO,703,0,74,0,0,0,0,2020-03-23 13:21:21,"-8,0284796","114,0265067"
35.14,KAB. PASURUAN,27,0,2,5,0,0,0,2020-03-23 13:13:51,"-7,7514338","112,8700750"
35.26,KAB. BANGKALAN,288,0,16,1,0,0,0,2020-03-23 13:00:53,"-7,0234914","112,7519820"
35.27,KAB. SAMPANG,652,0,7,0,0,0,0,2020-03-22 14:21:31,"-7,1927155","113,2429293"
35.71,KOTA KEDIRI,58,0,1,0,0,0,0,2020-03-22 14:21:00,"-7,8228400","112,0118640"
35.22,KAB. BOJONEGORO,0,0,1,0,0,0,0,2020-03-22 14:19:05,"-7,1524790","111,8869290"
35.29,KAB. SUMENEP,441,0,10,0,0,0,0,2020-03-22 14:18:17,"-7,0095355","113,8495442"
35.03,KAB. TRENGGALEK,478,0,7,1,0,0,0,2020-03-22 14:17:31,"-8,176848","111,610650"
35.06,KAB. KEDIRI,493,0,16,2,0,0,0,2020-03-22 14:01:57,"-7,8332959","112,1666262"
35.73,KOTA MALANG,262,0,12,0,1,0,0,2020-03-22 14:00:05,"-7,9786395","112,5617416"
35.01,KAB. PACITAN,374,0,52,1,0,0,0,2020-03-22 13:51:01,"-8,1318878","111,2278873"
35.18,KAB. NGANJUK,210,0,7,1,0,0,0,2020-03-22 13:47:05,"-7,6150520","111,6670610"
35.10,KAB. BANYUWANGI,581,0,38,0,0,0,0,2020-03-22 13:36:08,"-8,4169235","114,3311312"
35.75,KOTA PASURUAN,49,0,3,0,0,0,0,2020-03-22 13:35:40,"-7,6514338","112,8700750"
35.02,KAB. PONOROGO,823,0,46,2,0,0,0,2020-03-22 13:19:10,"-7,8756185","111,4692888"
35.07,KAB. MALANG,546,0,16,6,4,0,1,2020-03-22 16:21:51,-8.2084395,"112,7468452"
35.09,KAB. JEMBER,330,0,63,3,0,0,0,2020-03-22 13:13:33,"-8,3951516","113,6809395"
35.76,KOTA MOJOKERTO,227,0,29,3,0,0,0,2020-03-22 13:11:30,"-7,4714887","112,4217213"
35.04,KAB. TULUNGAGUNG,13,0,18,1,0,0,0,2020-03-22 13:07:47,"-7,7455014","111,8953035"
35.28,KAB. PAMEKASAN,238,0,34,1,0,0,0,2020-03-22 13:04:53,"-7,1548002","113,4379637"
35.08,KAB. LUMAJANG,282,0,24,3,0,0,0,2020-03-22 16:18:48,"-8,1295529","113,2236942"
35.19,KAB. MADIUN,228,0,15,2,0,0,0,2020-03-22 13:34:10,"-7,6666455","111,5912452"
35.14,KAB. PASURUAN,23,0,3,2,0,0,0,2020-03-22 13:01:27,"-7,7514338","112,8700750"
35.79,KOTA BATU,265,0,27,0,0,0,0,2020-03-22 13:35:06,"-7,8769031","112,4998848"
35.11,KAB. BONDOWOSO,576,0,59,0,0,0,0,2020-03-22 12:54:39,"-8,0284796","114,0265067"
35.17,KAB. JOMBANG,259,0,12,3,0,0,0,2020-03-22 12:53:52,"-7,5567779","112,2489964"
35.05,KAB. BLITAR,614,0,66,1,1,0,0,2020-03-22 16:22:55,"-8,2814419","112,3027620"
35.78,KOTA SURABAYA,2835,0,182,10,29,0,0,2020-03-22 16:04:08,"-7,2756141","112,6426424"
35.72,KOTA BLITAR,72,0,16,0,0,0,0,2020-03-22 12:18:39,"-8,1031510","112,1626800"
35.21,KAB. NGAWI,411,0,26,3,0,0,0,2020-03-22 13:35:50,"-7,4324690","111,2547392"
35.16,KAB. MOJOKERTO,195,0,16,6,0,0,0,2020-03-22 12:46:27,"-7,586911","112,420605"
35.23,KAB. TUBAN,310,0,17,1,0,0,0,2020-03-22 11:59:24,-6.899108667900085,111.763916015625
35.77,KOTA MADIUN,42,0,2,4,0,0,0,2020-03-22 11:50:59,"-7,6300605","111,4930316"
35.20,KAB. MAGETAN,162,0,6,5,3,0,0,2020-03-22 11:48:13,"-7,6774309","111,3616371"
35.24,KAB. LAMONGAN,509,0,15,0,0,0,0,2020-03-22 11:28:08,"-7,1181110","112,4149810"
35.15,KAB. SIDOARJO,461,0,14,12,3,0,0,2020-03-22 16:10:56,"-7,4338023","112,6734275"
35.13,KAB. PROBOLINGGO,216,0,20,3,0,0,0,2020-03-22 10:55:14,"-7,8223105","113,3864559"
35.26,KAB. BANGKALAN,253,0,0,2,0,0,0,2020-03-22 14:15:40,"-7,0234914","112,7519820"
35.25,KAB. GRESIK,620,0,25,7,0,0,0,2020-03-22 10:35:23,"-7,1610846","112,6220300"
35.12,KAB. SITUBONDO,204,0,78,2,0,0,0,2020-03-22 12:44:37,"-7,7168478","113,9278534"
35.74,KOTA PROBOLINGGO,74,0,16,1,0,0,0,2020-03-22 12:42:21,"-7,7723105","113,1664559"
35.19,KAB. MADIUN,377,0,2,1,0,0,0,2020-03-21 16:00:50,"-7,6666455","111,5912452"
35.71,KOTA KEDIRI,58,0,1,0,0,0,0,2020-03-21 16:03:34,"-7,8228400","112,0118640"
35.14,KAB. PASURUAN,33,0,1,0,0,0,0,2020-03-21 16:03:40,"-7,7514338","112,8700750"
35.06,KAB. KEDIRI,449,0,11,2,0,0,0,2020-03-21 16:03:58,"-7,8332959","112,1666262"
35.16,KAB. MOJOKERTO,87,0,5,3,0,0,0,2020-03-21 16:04:46,"-7,586911","112,420605"
35.22,KAB. BOJONEGORO,0,0,1,0,0,0,0,2020-03-21 16:05:03,"-7,1524790","111,8869290"
35.21,KAB. NGAWI,407,0,16,3,0,0,0,2020-03-21 10:46:00,"-7,4324690","111,2547392"
35.24,KAB. LAMONGAN,482,0,2,0,0,0,0,2020-03-21 16:05:12,"-7,1181110","112,4149810"
35.29,KAB. SUMENEP,441,0,10,0,0,0,0,2020-03-21 16:05:24,"-7,0095355","113,8495442"
35.25,KAB. GRESIK,553,0,18,3,0,0,0,2020-03-21 16:05:33,"-7,1610846","112,6220300"
35.20,KAB. MAGETAN,134,0,6,5,3,0,0,2020-03-21 16:38:42,"-7,6774309","111,3616371"
35.73,KOTA MALANG,72,0,73,0,1,0,0,2020-03-21 08:00:35,"-7,9786395","112,5617416"
35.07,KAB. MALANG,509,0,17,5,1,0,1,2020-03-21 16:00:13,-8.2084395,"112,7468452"
35.27,KAB. SAMPANG,652,0,7,0,0,0,0,2020-03-21 07:55:52,"-7,1927155","113,2429293"
35.18,KAB. NGANJUK,208,0,5,1,0,0,0,2020-03-21 00:13:03,"-7,6150520","111,6670610"
35.08,KAB. LUMAJANG,222,0,19,2,0,0,0,2020-03-21 07:43:27,"-8,1295529","113,2236942"
35.78,KOTA SURABAYA,2800,0,110,13,20,0,0,2020-03-21 17:09:21,"-7,2756141","112,6426424"
35.26,KAB. BANGKALAN,231,0,0,2,0,0,0,2020-03-21 07:31:12,"-7,0234914","112,7519820"
35.28,KAB. PAMEKASAN,239,0,34,1,0,0,0,2020-03-21 07:27:14,"-7,1548002","113,4379637"
35.03,KAB. TRENGGALEK,478,0,7,1,0,0,0,2020-03-21 08:23:06,"-8,176848","111,610650"
35.75,KOTA PASURUAN,49,0,3,0,0,0,0,2020-03-21 07:18:14,"-7,6514338","112,8700750"
35.12,KAB. SITUBONDO,161,0,60,2,0,0,0,2020-03-21 07:13:24,"-7,7168478","113,9278534"
35.04,KAB. TULUNGAGUNG,71,0,2,5,0,0,0,2020-03-21 22:26:11,"-7,7455014","111,8953035"
35.17,KAB. JOMBANG,252,0,11,3,0,0,0,2020-03-21 06:57:03,"-7,5567779","112,2489964"
35.01,KAB. PACITAN,263,0,40,1,0,0,0,2020-03-21 06:35:01,"-8,1318878","111,2278873"
35.72,KOTA BLITAR,69,0,12,0,0,0,0,2020-03-21 06:27:32,"-8,1031510","112,1626800"
35.11,KAB. BONDOWOSO,481,0,53,0,0,0,0,2020-03-21 06:16:17,"-8,0284796","114,0265067"
35.02,KAB. PONOROGO,774,0,39,2,0,0,0,2020-03-21 06:08:49,"-7,8756185","111,4692888"
35.13,KAB. PROBOLINGGO,259,0,9,3,0,0,0,2020-03-21 06:07:15,"-7,8223105","113,3864559"
35.79,KOTA BATU,128,0,16,0,0,0,0,2020-03-21 05:59:16,"-7,8769031","112,4998848"
35.09,KAB. JEMBER,314,0,52,3,0,0,0,2020-03-21 05:54:23,"-8,3951516","113,6809395"
35.10,KAB. BANYUWANGI,545,0,22,0,0,0,0,2020-03-21 05:52:05,"-8,4169235","114,3311312"
35.05,KAB. BLITAR,558,0,59,0,0,0,0,2020-03-21 05:52:05,"-8,2814419","112,3027620"
35.23,KAB. TUBAN,264,0,10,1,0,0,0,2020-03-21 05:48:20,-6.899108667900085,111.763916015625
35.15,KAB. SIDOARJO,458,0,13,11,1,0,0,2020-03-21 16:40:13,"-7,4338023","112,6734275"
35.74,KOTA PROBOLINGGO,49,0,14,0,0,0,0,2020-03-21 05:35:03,"-7,7723105","113,1664559"
35.77,KOTA MADIUN,40,0,2,2,0,0,0,2020-03-21 05:20:41,"-7,6300605","111,4930316"
35.76,KOTA MOJOKERTO,225,0,29,3,0,0,0,2020-03-21 04:51:31,"-7,4714887","112,4217213"
35.71,KOTA KEDIRI,58,0,1,0,0,0,0,2020-03-20 00:00:00,"-7,8228400","112,0118640"
35.14,KAB. PASURUAN,33,0,1,0,0,0,0,2020-03-20 00:00:00,"-7,7514338","112,8700750"
35.73,KOTA MALANG,72,0,73,0,1,0,0,2020-03-20 00:00:00,"-7,9786395","112,5617416"
35.16,KAB. MOJOKERTO,87,0,5,3,0,0,0,2020-03-20 00:00:00,"-7,586911","112,420605"
35.21,KAB. NGAWI,349,0,9,2,0,0,0,2020-03-22 12:14:12,"-7,4324690","111,2547392"
35.75,KOTA PASURUAN,33,0,2,0,0,0,0,2020-03-20 00:00:00,"-7,6514338","112,8700750"
35.01,KAB. PACITAN,48,0,7,1,0,0,0,2020-03-20 00:00:00,"-8,1318878","111,2278873"
35.18,KAB. NGANJUK,282,0,4,1,0,0,0,2020-03-20 00:00:00,"-7,6150520","111,6670610"
35.03,KAB. TRENGGALEK,333,0,8,1,0,0,0,2020-03-20 00:00:00,"-8,176848","111,610650"
35.77,KOTA MADIUN,39,0,1,0,0,0,0,2020-03-20 00:00:00,"-7,6300605","111,4930316"
35.20,KAB. MAGETAN,134,0,6,2,1,0,0,2020-03-20 00:00:00,"-7,6774309","111,3616371"
35.05,KAB. BLITAR,510,0,49,0,0,0,0,2020-03-20 00:00:00,"-8,2814419","112,3027620"
35.79,KOTA BATU,115,0,13,0,0,0,0,2020-03-20 00:00:00,"-7,8769031","112,4998848"
35.23,KAB. TUBAN,236,0,6,0,0,0,0,2020-03-20 00:00:00,-6.899108667900085,111.763916015625
35.07,KAB. MALANG,439,0,1,3,1,0,1,2020-03-20 00:00:00,-8.2084395,"112,7468452"
35.25,KAB. GRESIK,522,0,9,2,0,0,0,2020-03-20 00:00:00,"-7,1610846","112,6220300"
35.09,KAB. JEMBER,296,0,43,3,0,0,0,2020-03-20 00:00:00,"-8,3951516","113,6809395"
35.27,KAB. SAMPANG,300,0,4,0,0,0,0,2020-03-20 00:00:00,"-7,1927155","113,2429293"
35.11,KAB. BONDOWOSO,273,0,38,0,0,0,0,2020-03-20 00:00:00,"-8,0284796","114,0265067"
35.29,KAB. SUMENEP,427,0,10,0,0,0,0,2020-03-20 00:00:00,"-7,0095355","113,8495442"
35.13,KAB. PROBOLINGGO,135,0,7,0,0,0,0,2020-03-20 00:00:00,"-7,8223105","113,3864559"
35.72,KOTA BLITAR,36,0,7,0,0,0,0,2020-03-20 00:00:00,"-8,1031510","112,1626800"
35.15,KAB. SIDOARJO,0,0,9,5,0,0,0,2020-03-20 00:00:00,"-7,4338023","112,6734275"
35.74,KOTA PROBOLINGGO,42,0,10,0,0,0,0,2020-03-20 00:00:00,"-7,7723105","113,1664559"
35.17,KAB. JOMBANG,200,0,13,1,0,0,0,2020-03-20 00:00:00,"-7,5567779","112,2489964"
35.76,KOTA MOJOKERTO,211,0,23,3,0,0,0,2020-03-20 00:00:00,"-7,4714887","112,4217213"
35.02,KAB. PONOROGO,605,0,11,1,0,0,0,2020-03-20 00:00:00,"-7,8756185","111,4692888"
35.19,KAB. MADIUN,377,0,2,1,0,0,0,2020-03-20 00:00:00,"-7,6666455","111,5912452"
35.04,KAB. TULUNGAGUNG,295,0,16,4,0,0,0,2020-03-20 00:00:00,"-7,7455014","111,8953035"
35.78,KOTA SURABAYA,2475,0,94,19,12,0,0,2020-03-20 00:00:00,"-7,2756141","112,6426424"
35.22,KAB. BOJONEGORO,0,0,1,0,0,0,0,2020-03-20 00:00:00,"-7,1524790","111,8869290"
35.06,KAB. KEDIRI,327,0,11,2,0,0,0,2020-03-20 00:00:00,"-7,8332959","112,1666262"
35.24,KAB. LAMONGAN,324,0,2,0,0,0,0,2020-03-20 00:00:00,"-7,1181110","112,4149810"
35.08,KAB. LUMAJANG,290,0,20,1,0,0,0,2020-03-20 00:00:00,"-8,1295529","113,2236942"
35.26,KAB. BANGKALAN,748,0,2,0,0,0,0,2020-03-20 00:00:00,"-7,0234914","112,7519820"
35.10,KAB. BANYUWANGI,531,0,17,0,0,0,0,2020-03-20 00:00:00,"-8,4169235","114,3311312"
35.28,KAB. PAMEKASAN,37,0,1,0,0,0,0,2020-03-20 00:00:00,"-7,1548002","113,4379637"
35.12,KAB. SITUBONDO,155,0,15,0,0,0,0,2020-03-20 00:00:00,"-7,7168478","113,9278534"
